BSE_Code,Company_Name,BSE_Verified,NSE_Code,Sector,Industry
500325,Reliance Industries Ltd,500325,RELIANCE,Energy,"Oil, Gas & Consumable Fuels"
500180,HDFC Bank Ltd.,500180,HDFCBANK,Financial Services,Financial Services
532454,Bharti Airtel  Ltd.,532454,BHARTIARTL,Telecommunication,Telecommunication
532540,Tata Consultancy Services Ltd.,532540,TCS,Information Technology,Information Technology
532174,ICICI Bank Ltd.,532174,ICICIBANK,Financial Services,Financial Services
500112,State Bank Of India,500112,SBIN,Financial Services,Financial Services
500209,Infosys Ltd,500209,INFY,Information Technology,Information Technology
500034,Bajaj Finance Limited,500034,BAJFINANCE,Financial Services,Financial Services
500510,Larsen & Toubro Limited,500510,LT,Industrials,Construction
500696,Hindustan Unilever Ltd.,500696,HINDUNILVR,Fast Moving Consumer Goods,Fast Moving Consumer Goods
543526,LIFE INSURANCE CORPORATION OF INDIA,543526,LICI,Financial Services,Financial Services
532500,Maruti Suzuki India  Ltd.,532500,MARUTI,Consumer Discretionary,Automobile and Auto Components
500875,ITC Ltd,500875,ITC,Fast Moving Consumer Goods,Fast Moving Consumer Goods
500520,Mahindra & Mahindra Ltd.,500520,M&,Consumer Discretionary,Automobile and Auto Components
524715,Sun Pharmaceutical Industries Ltd.,524715,SUNPHARMA,Healthcare,Healthcare
532281,HCL Technologies Ltd,532281,HCLTECH,Information Technology,Information Technology
500247,Kotak Mahindra Bank Ltd.,500247,KOTAKBANK,Financial Services,Financial Services
532215,AXIS Bank Ltd.,532215,AXISBANK,Financial Services,Financial Services
500114,Titan Company Limited,500114,TITAN,Consumer Discretionary,Consumer Durables
532538,UltraTech Cement Ltd,532538,ULTRACEMCO,Commodities,Construction Materials
532555,NTPC Limited,532555,NTPC,Utilities,Power
532921,Adani Ports and Special Economic Zone Ltd,532921,ADANIPORTS,Services,Services
500312,Oil And Natural Gas Corporation Ltd,500312,ONGC,Energy,"Oil, Gas & Consumable Fuels"
532978,Bajaj Finserv Limited,532978,BAJAJFINSV,Financial Services,Financial Services
500049,Bharat Electronics Ltd.,500049,BEL,Industrials,Capital Goods
533096,Adani Power Limited,533096,ADANIPOWER,Utilities,Power
500228,JSW Steel Limited,500228,JSWSTEEL,Commodities,Metals & Mining
541154,Hindustan Aeronautics Limited,541154,HAL,Industrials,Capital Goods
532898,POWER GRID CORPORATION OF INDIA LIMITED,532898,POWERGRID,Utilities,Power
512599,Adani Enterprises Ltd.,512599,ADANIENT,Commodities,Metals & Mining
543320,Eternal Limited,543320,ETERNAL,Consumer Discretionary,Consumer Services
532977,Bajaj Auto Limited,532977,BAJAJ-AUTO,Consumer Discretionary,Automobile and Auto Components
533278,Coal India Limited,533278,COALINDIA,Energy,"Oil, Gas & Consumable Fuels"
540376,Avenue Supermarts Limited,540376,DMART,Consumer Discretionary,Consumer Services
500295,Vedanta Limited,500295,VEDL,Commodities,Metals & Mining
500820,Asian Paints Ltd.,500820,ASIANPAINT,Consumer Discretionary,Consumer Durables
500790,Nestle India Ltd.,500790,NESTLEIND,Fast Moving Consumer Goods,Fast Moving Consumer Goods
500188,Hindustan Zinc Ltd.,500188,HINDZINC,Commodities,Metals & Mining
507685,Wipro  Ltd.,507685,WIPRO,Information Technology,Information Technology
500470,TATA STEEL LIMITED,500470,TATASTEEL,Commodities,Metals & Mining
530965,Indian Oil Corporation Ltd.,530965,IOC,Energy,"Oil, Gas & Consumable Fuels"
500440,Hindalco Industries Ltd.,500440,HINDALCO,Commodities,Metals & Mining
540719,SBI Life Insurance Company Limited,540719,SBILIFE,Financial Services,Financial Services
505200,Eicher Motors Ltd.,505200,EICHERMOT,Consumer Discretionary,Automobile and Auto Components
539448,InterGlobe Aviation Limited,539448,INDIGO,Services,Services
500300,Grasim Industries Ltd,500300,GRASIM,Commodities,Construction Materials
511218,Shriram Finance Limited,511218,SHRIRAMFIN,Financial Services,Financial Services
544274,HYUNDAI MOTOR INDIA LIMITED,544274,HYUNDAI,Consumer Discretionary,Automobile and Auto Components
532343,TVS Motor Company Ltd.,532343,TVSMOTOR,Consumer Discretionary,Automobile and Auto Components
543940,Jio Financial Services Limited,543940,JIOFIN,Financial Services,Financial Services
532488,Divi's Laboratories Ltd.,532488,DIVISLAB,Healthcare,Healthcare
541450,Adani Green Energy Limited,541450,ADANIGREEN,Utilities,Power
532868,DLF LIMITED,532868,DLF,Consumer Discretionary,Realty
540005,LTM LIMITED,540005,LTM,Information Technology,Information Technology
540180,Varun Beverages Limited,540180,VBL,Fast Moving Consumer Goods,Fast Moving Consumer Goods
544569,Tata Motors Limited,544569,TMCV,Industrials,Capital Goods
540777,HDFC LIFE INSURANCE COMPANY LIMITED,540777,HDFCLIFE,Financial Services,Financial Services
500547,Bharat Petroleum Corpn. Ltd.,500547,BPCL,Energy,"Oil, Gas & Consumable Fuels"
532134,Bank Of Baroda,532134,BANKBARODA,Financial Services,Financial Services
532755,Tech Mahindra Limited,532755,TECHM,Information Technology,Information Technology
544658,ICICI Prudential Asset Management Company Limited,544658,ICICIAMC,Financial Services,Financial Services
500331,Pidilite Industries Ltd.,500331,PIDILITIND,Commodities,Chemicals
543257,Indian Railway Finance Corporation,543257,IRFC,Financial Services,Financial Services
533398,MUTHOOT FINANCE LIMITED,533398,MUTHOOTFIN,Financial Services,Financial Services
500251,Trent Ltd [Lakme Ltd],500251,TRENT,Consumer Discretionary,Consumer Services
500825,Britannia Industries Ltd.,500825,BRITANNIA,Fast Moving Consumer Goods,Fast Moving Consumer Goods
544574,Tata Capital Limited,544574,TATACAP,Financial Services,Financial Services
511243,Cholamandalam Investment and Finance Company Ltd,511243,CHOLAFIN,Financial Services,Financial Services
532461,Punjab National Bank,532461,PNB,Financial Services,Financial Services
500420,Torrent Pharmaceuticals Ltd.,500420,TORNTPHARM,Healthcare,Healthcare
532483,Canara Bank,532483,CANBK,Financial Services,Financial Services
500570,TATA MOTORS PASSENGER VEHICLES LIMITED,500570,TMPV,Consumer Discretionary,Automobile and Auto Components
532477,Union Bank of India,532477,UNIONBANK,Financial Services,Financial Services
532810,Power Finance Corporation Ltd,532810,PFC,Financial Services,Financial Services
500425,Ambuja Cements Ltd.,500425,AMBUJACEM,Commodities,Construction Materials
500480,Cummins India Ltd.,500480,CUMMINSIND,Industrials,Capital Goods
517334,Samvardhana Motherson International Limited,517334,MOTHERSON,Consumer Discretionary,Automobile and Auto Components
500400,Tata Power Co. Ltd,500400,TATAPOWER,Utilities,Power
539254,Adani Energy Solutions Limited,539254,ADANIENSOL,Utilities,Power
532725,Solar Industries India Limited,532725,SOLARINDS,Commodities,Chemicals
500002,ABB India Limited,500002,ABB,Industrials,Capital Goods
500490,Bajaj Holdings & Investment Limited,500490,BAJAJHLDNG,Financial Services,Financial Services
532814,Indian Bank,532814,INDIANB,Financial Services,Financial Services
532424,Godrej Consumer Products Ltd.,532424,GODREJCP,Fast Moving Consumer Goods,Fast Moving Consumer Goods
532286,JINDAL STEEL LIMITED,532286,JINDALSTEL,Commodities,Metals & Mining
500550,Siemens Ltd.,500550,SIEMENS,Industrials,Capital Goods
542652,Polycab India Limited,542652,POLYCAB,Industrials,Capital Goods
500800,TATA CONSUMER PRODUCTS LIMITED,500800,TATACONSUM,Fast Moving Consumer Goods,Fast Moving Consumer Goods
532822,VODAFONE IDEA LIMITED,532822,IDEA,Telecommunication,Telecommunication
534816,INDUS TOWERS LIMITED,534816,INDUSTOWER,Telecommunication,Telecommunication
500182,Hero MotoCorp Limited,500182,HEROMOTOCO,Consumer Discretionary,Automobile and Auto Components
541729,HDFC Asset Management Company Limited,541729,HDFCAMC,Financial Services,Financial Services
500087,Cipla Ltd.,500087,CIPLA,Healthcare,Healthcare
532155,Gail (India) Ltd.,532155,GAIL,Energy,"Oil, Gas & Consumable Fuels"
500093,CG Power and Industrial Solutions Limited,500093,CGPOWER,Industrials,Capital Goods
508869,Apollo Hospitals Enterprises Ltd.,508869,APOLLOHOSP,Healthcare,Healthcare
500530,Bosch Ltd,500530,BOSCHLTD,Consumer Discretionary,Automobile and Auto Components
500124,Dr. Reddy's Laboratories Ltd.,500124,DRREDDY,Healthcare,Healthcare
544576,LG Electronics India Limited,544576,LGEINDIA,Consumer Discretionary,Consumer Durables
544603,Billionbrains Garage Ventures Limited,544603,GROWW,Financial Services,Financial Services
500477,Ashok Leyland Ltd.,500477,ASHOKLEY,Industrials,Capital Goods
532754,GMR Airports Limited,532754,GMRAIRPORT,Services,Services
500116,IDBI Bank Ltd,500116,IDBI,Financial Services,Financial Services
543220,Max Healthcare Institute Limited,543220,MAXHEALTH,Healthcare,Healthcare
544390,Siemens Energy India Limited,544390,ENRIN,Industrials,Capital Goods
543287,Lodha Developers Limited,543287,LODHA,Consumer Discretionary,Realty
543237,Mazagon Dock Shipbuilders Limited,543237,MAZDOCK,Industrials,Capital Goods
500257,Lupin Ltd,500257,LUPIN,Healthcare,Healthcare
543187,HITACHI ENERGY INDIA LIMITED,543187,POWERINDIA,Industrials,Capital Goods
532432,United Spirits Limited,532432,UNITDSPR,Fast Moving Consumer Goods,Fast Moving Consumer Goods
531642,Marico Limited,531642,MARICO,Fast Moving Consumer Goods,Fast Moving Consumer Goods
500850,Indian Hotels Co. Ltd,500850,INDHOTEL,Consumer Discretionary,Consumer Services
500103,Bharat Heavy Electricals Ltd.,500103,BHEL,Industrials,Capital Goods
540716,ICICI Lombard General Insurance Company Limited ,540716,ICICIGI,Financial Services,Financial Services
500387,Shree Cements Ltd.,500387,SHREECEM,Commodities,Construction Materials
532955,REC LIMITED,532955,RECLTD,Financial Services,Financial Services
532321,Zydus Lifesciences Limited,532321,ZYDUSLIFE,Healthcare,Healthcare
500104,Hindustan Petroleum Corporation Ltd,500104,HINDPETRO,Energy,"Oil, Gas & Consumable Fuels"
544285,SWIGGY LIMITED,544285,SWIGGY,Consumer Discretionary,Consumer Services
533179,Persistent Systems Limited,533179,PERSISTENT,Information Technology,Information Technology
543904,Mankind Pharma Limited,543904,MANKIND,Healthcare,Healthcare
540133,ICICI Prudential Life Insurance Company Limited,540133,ICICIPRULI,Financial Services,Financial Services
540691,Aditya Birla Capital Ltd,540691,ABCAPITAL,Financial Services,Financial Services
500096,Dabur India Ltd.,500096,DABUR,Fast Moving Consumer Goods,Fast Moving Consumer Goods
522275,GE Vernova T&D India Limited,522275,GVT&,Industrials,Capital Goods
544277,Waaree Energies Limited,544277,WAAREEENER,Industrials,Capital Goods
533148,JSW Energy Limited,533148,JSWENERGY,Utilities,Power
517354,Havells India Limited,517354,HAVELLS,Consumer Discretionary,Consumer Durables
544162,Bharti Hexacom Limited,544162,BHARTIHEXA,Telecommunication,Telecommunication
503806,SRF Ltd.,503806,SRF,Commodities,Chemicals
544600,Lenskart Solutions Limited,544600,LENSKART,Consumer Discretionary,Consumer Services
544289,NTPC GREEN ENERGY LIMITED,544289,NTPCGREEN,Utilities,Power
533098,NHPC Limited,533098,NHPC,Utilities,Power
532777,Info Edge(India) Ltd.,532777,NAUKRI,Consumer Discretionary,Consumer Services
544252,Bajaj Housing Finance Limited,544252,BAJAJHFL,Financial Services,Financial Services
543396,One 97 Communications Limited,543396,PAYTM,Financial Services,Financial Services
543390,PB Fintech Limited,543390,POLICYBZR,Financial Services,Financial Services
500493,Bharat Forge Ltd,500493,BHARATFORG,Consumer Discretionary,Automobile and Auto Components
543066,SBI CARDS AND PAYMENT SERVICES LIMITED,543066,SBICARD,Financial Services,Financial Services
544632,Meesho Limited,544632,MEESHO,Consumer Discretionary,Consumer Services
533106,Oil India Limited,533106,OIL,Energy,"Oil, Gas & Consumable Fuels"
543384,FSN E-Commerce Ventures Limited,543384,NYKAA,Consumer Discretionary,Consumer Services
540699,Dixon Technologies (India) Limited,540699,DIXON,Consumer Discretionary,Consumer Durables
533519,L&T Finance Limited,533519,LTF,Financial Services,Financial Services
540611,AU Small Finance Bank Limited,540611,AUBANK,Financial Services,Financial Services
524804,Aurobindo Pharma Ltd.,524804,AUROPHARMA,Healthcare,Healthcare
526371,NMDC Ltd,526371,NMDC,Commodities,Metals & Mining
532779,TORRENT POWER LIMITED,532779,TORNTPOWER,Utilities,Power
512455,Lloyds Metals and Energy Limited,512455,LLOYDSME,Commodities,Metals & Mining
532149,Bank of India,532149,BANKINDIA,Financial Services,Financial Services
532539,UNO Minda Limited,532539,UNOMINDA,Consumer Discretionary,Automobile and Auto Components
532388,Indian Overseas Bank,532388,IOB,Financial Services,Financial Services
532187,IndusInd Bank Ltd.,532187,INDUSINDBK,Financial Services,Financial Services
532667,SUZLON ENERGY LTD.,532667,SUZLON,Industrials,Capital Goods
532843,Fortis Healthcare Ltd,532843,FORTIS,Healthcare,Healthcare
539523,Alkem Laboratories Limited,539523,ALKEM,Healthcare,Healthcare
500469,Federal Bank Ltd.,500469,FEDERALBNK,Financial Services,Financial Services
540755,General Insurance Corporation of India,540755,GICRE,Financial Services,Financial Services
532466,Oracle Financial Services Software Limited,532466,OFSS,Information Technology,Information Technology
532648,Yes Bank Ltd.,532648,YESBANK,Financial Services,Financial Services
539437,IDFC FIRST BANK LIMITED,539437,IDFCFIRSTB,Financial Services,Financial Services
506395,Coromandel International Limited,506395,COROMANDEL,Commodities,Chemicals
542649,Rail Vikas Nigam Limited,542649,RVNL,Industrials,Construction
533274,Prestige Estates Projects Limited,533274,PRESTIGE,Consumer Discretionary,Realty
532508,Jindal Stainless Limited,532508,JSL,Commodities,Metals & Mining
532234,National Aluminium Co. Ltd.,532234,NATIONALUM,Commodities,Metals & Mining
542066,ADANI TOTAL GAS LIMITED,542066,ATGL,Energy,"Oil, Gas & Consumable Fuels"
500113,Steel Authority of India Ltd.,500113,SAIL,Commodities,Metals & Mining
503100,The Phoenix Mills Ltd.,503100,PHOENIXLTD,Consumer Discretionary,Realty
505790,Schaeffler India Limited,505790,SCHAEFFLER,Consumer Discretionary,Automobile and Auto Components
500290,M.R.F. Ltd.,500290,MRF,Consumer Discretionary,Automobile and Auto Components
512070,UPL Limited,512070,UPL,Commodities,Chemicals
534091,Multi Commodity Exchange of India Ltd,534091,MCX,Financial Services,Financial Services
544429,HDB FINANCIAL SERVICES LIMITED,544429,HDBFS,Financial Services,Financial Services
500488,Abbott India Ltd.,500488,ABBOTINDIA,Healthcare,Healthcare
533273,OBEROI REALTY LIMITED,533273,OBEROIRLTY,Consumer Discretionary,Realty
544307,Vishal Mega Mart Limited,544307,VMM,Consumer Discretionary,Consumer Services
500271,Max Financial Services Limited,500271,MFSL,Financial Services,Financial Services
532296,Glenmark Pharmaceuticals ltd,532296,GLENMARK,Healthcare,Healthcare
509480,Berger Paints India Ltd,509480,BERGEPAINT,Consumer Discretionary,Consumer Durables
500830,Colgate-Palmolive (India) Ltd.,500830,COLPAL,Fast Moving Consumer Goods,Fast Moving Consumer Goods
532523,Biocon Ltd.,532523,BIOCON,Healthcare,Healthcare
500368,Patanjali Foods Limited,500368,PATANJALI,Fast Moving Consumer Goods,Fast Moving Consumer Goods
540767,NIPPON LIFE INDIA ASSET MANAGEMENT LIMITED,540767,NAM-INDIA,Financial Services,Financial Services
543994,JSW Infrastructure Limited,543994,JSWINFRA,Services,Services
533150,Godrej Properties Limited,533150,GODREJPROP,Consumer Discretionary,Realty
540222,Laurus Labs Limited,540222,LAURUSLABS,Healthcare,Healthcare
523457,Linde India Limited,523457,LINDEINDIA,Commodities,Chemicals
533758,APL Apollo Tubes Limited,533758,APLAPOLLO,Industrials,Capital Goods
540762,Tube Investments of India Ltd,540762,TIINDIA,Consumer Discretionary,Automobile and Auto Components
532541,COFORGE LIMITED,532541,COFORGE,Information Technology,Information Technology
541143,Bharat Dynamics Limited,541143,BDL,Industrials,Capital Goods
532525,Bank of maharashtra,532525,MAHABANK,Financial Services,Financial Services
542830,Indian Railway Catering & Tourism Corporation Ltd,542830,IRCTC,Consumer Discretionary,Consumer Services
526299,Mphasis Limited,526299,MPHASIS,Information Technology,Information Technology
532892,Motilal Oswal Financial Services Limited,532892,MOTILALOFS,Financial Services,Financial Services
523642,PI Industries Limited,523642,PIIND,Commodities,Chemicals
532720,Mahindra & Mahindra Financial Services Limited,532720,M&,Financial Services,Financial Services
500483,Tata Communications Limited,500483,TATACOMM,Telecommunication,Telecommunication
513599,Hindustan Copper Ltd.,513599,HINDCOPPER,Commodities,Metals & Mining
509930,Supreme Industries Ltd.,509930,SUPREMEIND,Industrials,Capital Goods
500575,Voltas Ltd.,500575,VOLTAS,Consumer Discretionary,Consumer Durables
543278,Kalyan Jewellers India Limited,543278,KALYANKJIL,Consumer Discretionary,Consumer Durables
502355,Balkrishna Industries Ltd.,502355,BALKRISIND,Consumer Discretionary,Automobile and Auto Components
542772,360 ONE WAM LIMITED,542772,360ONE,Financial Services,Financial Services
539177,Authum Investment & Infrastructure Limited,539177,AIIL,Financial Services,Financial Services
532644,J.K. CEMENT LTD,532644,JKCEMENT,Commodities,Construction Materials
532478,United Breweries Ltd.,532478,UBL,Fast Moving Consumer Goods,Fast Moving Consumer Goods
532522,PETRONET LNG LTD.,532522,PETRONET,Energy,"Oil, Gas & Consumable Fuels"
500660,GlaxoSmithkline Pharmaceuticals Ltd.,500660,GLAXO,Healthcare,Healthcare
517569,KEI Industries Ltd.,517569,KEI,Industrials,Capital Goods
540115,L&T Technology Services Limited,540115,LTTS,Information Technology,Information Technology
540530,Housing &Urban Development Corporation Ltd.,540530,HUDCO,Financial Services,Financial Services
532830,ASTRAL LIMITED,532830,ASTRAL,Industrials,Capital Goods
540678,Cochin Shipyard Limited,540678,COCHINSHIP,Industrials,Capital Goods
532497,Radico Khaitan Ltd.,532497,RADICO,Fast Moving Consumer Goods,Fast Moving Consumer Goods
532827,Page Industries Ltd.,532827,PAGEIND,Consumer Discretionary,Textiles
544238,Premier Energies Limited,544238,PREMIERENE,Industrials,Capital Goods
500495,Escorts Kubota Limited,500495,ESCORTS,Industrials,Capital Goods
544597,Piramal Finance Limited,544597,PIRAMALFIN,Financial Services,Financial Services
523395,3M India Ltd.,523395,3MINDIA,Diversified,Diversified
531344,Container Corporation Of India Ltd.,531344,CONCOR,Services,Services
500459,Procter & Gamble Hygiene & Health Care Ltd.,500459,PGHH,Fast Moving Consumer Goods,Fast Moving Consumer Goods
544325,ITC Hotels Limited,544325,ITCHOTELS,Consumer Discretionary,Consumer Services
542216,DALMIA BHARAT LIMITED,542216,DALBHARAT,Commodities,Construction Materials
532259,Apar Industries Ltd,532259,APARINDS,Industrials,Capital Goods
544362,Hexaware Technologies Limited,544362,HEXT,Information Technology,Information Technology
500411,Thermax Ltd.,500411,THERMAX,Industrials,Capital Goods
544449,Anthem Biosciences Limited,544449,ANTHEM,Healthcare,Healthcare
542812,Gujarat Fluorochemicals Limited,542812,FLUOROCHEM,Commodities,Chemicals
524494,Ipca Laboratories Ltd.,524494,IPCALAB,Healthcare,Healthcare
539551,Narayana Hrudayalaya Limited,539551,NH,Healthcare,Healthcare
500067,Blue Star Ltd,500067,BLUESTARCO,Consumer Discretionary,Consumer Durables
544026,Indian Renewable Energy Development Agency Limited,544026,IREDA,Financial Services,Financial Services
500163,Godfrey Phillips India Ltd.,500163,GODFRYPHLP,Fast Moving Consumer Goods,Fast Moving Consumer Goods
524000,POONAWALLA FINCORP LIMITED,524000,POONAWALLA,Financial Services,Financial Services
513683,NLC India Limited,513683,NLCINDIA,Utilities,Power
532505,UCO Bank,532505,UCOBANK,Financial Services,Financial Services
532683,AIA Engineering Ltd.,532683,AIAENG,Industrials,Capital Goods
540153,Endurance Technologies Limited,540153,ENDURANCE,Consumer Discretionary,Automobile and Auto Components
533155,Jubilant Foodworks Limited,533155,JUBLFOOD,Consumer Discretionary,Consumer Services
532331,Ajanta Pharma Ltd.,532331,AJANTPHARM,Healthcare,Healthcare
501301,Tata Investment Corporation Ltd.,501301,TATAINVEST,Financial Services,Financial Services
532885,Central Bank of India,532885,CENTRALBK,Financial Services,Financial Services
500164,Godrej Industries Ltd.,500164,GODREJIND,Diversified,Diversified
540975,Aster DM Healthcare Limited,540975,ASTERDM,Healthcare,Healthcare
544609,Physicswallah Limited,544609,PWL,Consumer Discretionary,Consumer Services
500092,CRISIL Ltd.,500092,CRISIL,Financial Services,Financial Services
504973,CHOLAMANDALAM FINANCIAL HOLDINGS LIMITED,504973,CHOLAHLDNG,Financial Services,Financial Services
532889,K.P.R. Mill Ltd.,532889,KPRMILL,Consumer Discretionary,Textiles
543529,Delhivery Limited,543529,DELHIVERY,Services,Services
543300,Sona BLW Precision Forgings Limited,543300,SONACOMS,Consumer Discretionary,Automobile and Auto Components
532504,Navin Fluorine International Limited,532504,NAVINFLUOR,Commodities,Chemicals
544179,Go Digit General Insurance Limited,544179,GODIGIT,Financial Services,Financial Services
500410,ACC Ltd,500410,ACC,Commodities,Construction Materials
500408,Tata Elxsi Ltd,500408,TATAELXSI,Information Technology,Information Technology
543654,Global Health Limited,543654,MEDANTA,Healthcare,Healthcare
500877,Apollo Tyres Ltd,500877,APOLLOTYRE,Consumer Discretionary,Automobile and Auto Components
506943,J.B. Chemicals & Pharmaceuticals Lt,506943,JBCHEPHARM,Healthcare,Healthcare
500109,Mangalore Refinery & Petrochemicals,500109,MRPL,Energy,"Oil, Gas & Consumable Fuels"
533206,SJVN LIMITED,533206,SJVN,Utilities,Power
520056,TVS Holdings Limited,520056,TVSHLTD,Financial Services,Financial Services
500086,Exide Industries Ltd.,500086,EXIDEIND,Consumer Discretionary,Automobile and Auto Components
500253,Lic Housing Finance Ltd.,500253,LICHSGFIN,Financial Services,Financial Services
543426,Metro Brands Limited,543426,METROBRAND,Consumer Discretionary,Consumer Durables
543498,Motherson Sumi Wiring India Limited,543498,MSUMI,Consumer Discretionary,Automobile and Auto Components
543245, Gland Pharma Limited,543245,GLAND,Healthcare,Healthcare
542011,Garden Reach Shipbuilders & Engineers Limited,542011,GRSE,Industrials,Capital Goods
517174,Honeywell Automation India Ltd.,517174,HONAUT,Industrials,Capital Goods
543664,KAYNES TECHNOLOGY INDIA LIMITED,543664,KAYNES,Industrials,Capital Goods
543458,AWL AGRI BUSINESS LIMITED,543458,AWL,Fast Moving Consumer Goods,Fast Moving Consumer Goods
544210,Emcure Pharmaceuticals Limited,544210,EMCURE,Healthcare,Healthcare
523610,ITI Limited (Indian Teleph.Ind.Ltd),523610,ITI,Telecommunication,Telecommunication
543412,Star Health and Allied Insurance Company Limited,543412,STARHEALTH,Financial Services,Financial Services
534309,NBCC (India) Limited,534309,NBCC,Industrials,Construction
544397,Ather Energy Limited,544397,ATHERENERG,Consumer Discretionary,Automobile and Auto Components
533023,ZF Commercial Vehicle Control Systems India Limited,533023,ZFCVINDIA,Consumer Discretionary,Automobile and Auto Components
539336,Gujarat Gas Limited,539336,GUJENERGY,Energy,"Oil, Gas & Consumable Fuels"
544309,INVENTURUS KNOWLEDGE SOLUTIONS LIMITED,544309,IKS,Information Technology,Information Technology
542651,KPIT Technologies Ltd,542651,KPITTECH,Information Technology,Information Technology
507815,Gillette India Ltd.,507815,GILLETTE,Fast Moving Consumer Goods,Fast Moving Consumer Goods
543308,Krishna Institute of Medical Sciences Limited,543308,KIMS,Healthcare,Healthcare
500033,Force Motors Limited,500033,FORCEMOT,Consumer Discretionary,Automobile and Auto Components
539006,PTC Industries Ltd.,539006,PTCIL,Industrials,Capital Goods
543415,Anand Rathi Wealth Limited,543415,ANANDRATHI,Financial Services,Financial Services
532947,IRB Infrastructure Developers Limited,532947,IRB,Industrials,Construction
541153,Bandhan Bank Limited,541153,BANDHANBNK,Financial Services,Financial Services
540769,The New India Assurance Company Limited,540769,NIACL,Financial Services,Financial Services
544028,Tata Technologies Limited,544028,TATATECH,Information Technology,Information Technology
532514,Indraprashtha Gas Ltd.,532514,IGL,Energy,"Oil, Gas & Consumable Fuels"
544407,AEGIS VOPAK TERMINALS LIMITED,544407,AEGISVOPAK,Energy,"Oil, Gas & Consumable Fuels"
500003,Aegis Logistics Ltd.,500003,AEGISLOG,Energy,"Oil, Gas & Consumable Fuels"
543988,Nuvama Wealth Management Limited,543988,NUVAMA,Financial Services,Financial Services
500260,The Ramco Cements Limited,500260,RAMCOCEM,Commodities,Construction Materials
543374,Aditya Birla Sun Life AMC Limited,543374,ABSLAMC,Financial Services,Financial Services
540902,Amber Enterprises India Limited,540902,AMBER,Consumer Discretionary,Consumer Durables
544606,Pine Labs Limited,544606,PINELABS,Financial Services,Financial Services
531213,Manappuram Finance Limited,531213,MANAPPURAM,Financial Services,Financial Services
539524,Dr. Lal Pathlabs Limited,539524,LALPATHLAB,Healthcare,Healthcare
522113,Timken India Ltd,522113,TIMKEN,Industrials,Capital Goods
515030,Asahi India Glass Ltd.,515030,ASAHIINDIA,Consumer Discretionary,Automobile and Auto Components
543235,ANGEL ONE LIMITED,543235,ANGELONE,Financial Services,Financial Services
500184,Himadri Speciality Chemical Ltd.,500184,HSCL,Commodities,Chemicals
543299,Shyam Metalics and Energy Limited,543299,SHYAMMETL,Industrials,Capital Goods
540173,PNB Housing Finance Limited,540173,PNBHOUSING,Financial Services,Financial Services
532733,SUN TV NETWORK LIMITED,532733,SUNTV,Consumer Discretionary,"Media, Entertainment & Publication"
532144,Welspun Corp Limited,532144,WELCORP,Industrials,Capital Goods
532636,IIFL FINANCE LIMITED ,532636,IIFL,Financial Services,Financial Services
500680,Pfizer Ltd.,500680,PFIZER,Healthcare,Healthcare
542752,AFFLE 3I LIMITED,542752,AFFLE,Information Technology,Information Technology
517271,HBL ENGINEERING LIMITED,517271,HBLENGINE,Industrials,Capital Goods
532300,Wockhardt Ltd,532300,WOCKPHARMA,Healthcare,Healthcare
543635,PIRAMAL PHARMA LIMITED,543635,PPLPHARMA,Healthcare,Healthcare
544282,Sagility Limited,544282,SAGILITY,Information Technology,Information Technology
540680,KIOCL Limited,540680,KIOCL,Commodities,Metals & Mining
506820,AstraZeneca Pharma India Ltd.,506820,ASTRAZEN,Healthcare,Healthcare
506401,Deepak Nitrite Limited,506401,DEEPAKNTR,Commodities,Chemicals
500084,CESC Limited,500084,CESC,Utilities,Power
542920,SUMITOMO CHEMICAL INDIA LIMITED,542920,SUMICHEM,Commodities,Chemicals
531531,Hatsun Agro Products Ltd.,531531,HATSUN,Fast Moving Consumer Goods,Fast Moving Consumer Goods
500840,EIH Ltd,500840,EIHOTEL,Consumer Discretionary,Consumer Services
544612,Tenneco Clean Air India Limited,544612,TENNIND,Consumer Discretionary,Automobile and Auto Components
531162,Emami Ltd,531162,EMAMILTD,Fast Moving Consumer Goods,Fast Moving Consumer Goods
539268,Syngene International Limited,539268,SYNGENE,Healthcare,Healthcare
544176,Aadhar Housing Finance Limited,544176,AADHARHFC,Financial Services,Financial Services
506285,Bayer CropScience Limited.,506285,BAYERCROP,Commodities,Chemicals
541770,CreditAccess Grameen Ltd.,541770,CREDITACC,Financial Services,Financial Services
532809,Firstsource Solutions Ltd.,532809,FSL,Services,Services
532805,Redington Limited,532805,REDINGTON,Services,Services
532210,City Union Bank Ltd,532210,CUB,Financial Services,Financial Services
522287,KALPATARU PROJECTS INTERNATIONAL LIMITED,522287,KPIL,Industrials,Construction
540596,Eris Lifesciences Limited,540596,ERIS,Healthcare,Healthcare
544467,National Securities Depository Limited,544467,,Financial Services,Financial Services
544081,Jyoti CNC Automation Limited,544081,JYOTICNC,Industrials,Capital Goods
532929,Brigade Enterprises Limited,532929,BRIGADE,Consumer Discretionary,Realty
534139,SCHNEIDER ELECTRIC INFRASTRUCTURE LIMITED,534139,SCHNEIDER,Industrials,Capital Goods
544306,Sai Life Sciences Limited,544306,SAILIFE,Healthcare,Healthcare
544466,Aditya Infotech Limited,544466,CPPLUS,Industrials,Capital Goods
515055,Anant Raj Limited,515055,ANANTRAJ,Consumer Discretionary,Realty
540065,RBL Bank Limited,540065,RBLBANK,Financial Services,Financial Services
539083,Inox Wind Limited,539083,INOXWIND,Industrials,Capital Goods
533295,PUNJAB & SIND BANK,533295,PSB,Financial Services,Financial Services
543945,NETWEB TECHNOLOGIES INDIA LIMITED,543945,NETWEB,Information Technology,Information Technology
532642,JSW Holdings Limited,532642,JSWHL,Financial Services,Financial Services
500403,Sundram Fasteners Ltd.,500403,SUNDRMFAST,Consumer Discretionary,Automobile and Auto Components
500770,Tata Chemicals Ltd,500770,TATACHEM,Commodities,Chemicals
544515,Urban Company Limited,544515,URBANCO,Consumer Discretionary,Consumer Services
532927,eClerx Services Limited,532927,ECLERX,Services,Services
533293,Kirloskar Oil Engines Limited,533293,KIRLOSENG,Industrials,Capital Goods
524558,Neuland Laboratories Limited.,524558,NEULANDLAB,Healthcare,Healthcare
500870,Castrol India Ltd,500870,CASTROLIND,Energy,"Oil, Gas & Consumable Fuels"
532748,Prime Focus Limited,532748,PFOCUS,Consumer Discretionary,"Media, Entertainment & Publication"
542399,Chalet Hotels Limited,542399,CHALET,Consumer Discretionary,Consumer Services
504614,Sarda Energy & Minerals Ltd,504614,SARDAEN,Commodities,Metals & Mining
532181,Gujarat Mineral Development Corpora,532181,GMDCLTD,Commodities,Metals & Mining
500620,Great Eastern Shipping Co. Ltd.,500620,GESHIP,Services,Services
500027,Atul Limited.,500027,ATUL,Commodities,Chemicals
523367,DCM Shriram Limited,523367,DCMSHRIRAM,Diversified,Diversified
543232,Computer Age Management Services Limited,543232,CAMS,Financial Services,Financial Services
500085,Chambal Fertilisers & Chemicals Ltd,500085,CHAMBLFERT,Commodities,Chemicals
544292,Onesource Specialty Pharma Limited,544292,ONESOURCE,Healthcare,Healthcare
532734,GODAWARI POWER AND ISPAT LTD.,532734,GPIL,Industrials,Capital Goods
543276,Craftsman Automation Limited,543276,CRAFTSMAN,Consumer Discretionary,Automobile and Auto Components
543720,KFin Technologies Limited,543720,KFINTECH,Financial Services,Financial Services
506076,Grindwell Norton Ltd.,506076,GRINDWELL,Industrials,Capital Goods
500165,Kansai Nerolac Paints,500165,KANSAINER,Consumer Discretionary,Consumer Durables
531595,Capri Global Capital Limited,531595,CGCL,Financial Services,Financial Services
532714,KEC International Ltd.,532714,KEC,Industrials,Construction
532548,Century Plyboards (India) Ltd.,532548,CENTURYPLY,Consumer Discretionary,Consumer Durables
543653,Bikaji Foods International Limited,543653,BIKAJI,Fast Moving Consumer Goods,Fast Moving Consumer Goods
543064,Cohance Lifesciences Limited,543064,COHANCE,Healthcare,Healthcare
532756,CIE Automotive India Limited,532756,CIEINDIA,Consumer Discretionary,Automobile and Auto Components
524816,Natco Pharma Ltd.,524816,NATCOPHARM,Healthcare,Healthcare
543428,Data Patterns (India) Limited,543428,DATAPATTNS,Industrials,Capital Goods
500125,E.I.D. Parry (India) Ltd.,500125,EIDPARRY,Fast Moving Consumer Goods,Fast Moving Consumer Goods
500040,ADITYA BIRLA REAL ESTATE LIMITED,500040,ABREL,Consumer Discretionary,Realty
544480,JSW CEMENT LIMITED,544480,JSWCEMENT,Commodities,Construction Materials
539876,Crompton Greaves Consumer Electricals Limited,539876,CROMPTON,Consumer Discretionary,Consumer Durables
500042,BASF India Ltd,500042,BASF,Commodities,Chemicals
544321,Ventive Hospitality Limited,544321,VENTIVE,Consumer Discretionary,Consumer Services
500233,Kajaria Ceramics Ltd,500233,KAJARIACER,Consumer Discretionary,Consumer Durables
532702,Gujarat State Petronet Ltd.,532702,GSPL,Energy,"Oil, Gas & Consumable Fuels"
520111,Ratnamani Metals & Tubes Ltd,520111,RATNAMANI,Industrials,Capital Goods
544678,BHARAT COKING COAL LIMITED,544678,BHARATCOAL,Energy,"Oil, Gas & Consumable Fuels"
533655,Triveni Turbine Limited,533655,TRITURBINE,Industrials,Capital Goods
543349,ACUTAAS CHEMICALS LIMITED,543349,ACUTAAS,Healthcare,Healthcare
513023,NAVA LIMITED,513023,NAVA,Utilities,Power
543981,R R KABEL LIMITED,543981,RRKABEL,Industrials,Capital Goods
531768,Poly Medicure Ltd,531768,POLYMED,Healthcare,Healthcare
544443,TRAVEL FOOD SERVICES LIMITED,544443,TRAVELFOOD,Consumer Discretionary,Consumer Services
513375,Carborundum Universal Ltd.,513375,CARBORUNIV,Industrials,Capital Goods
533581,PG Electroplast Limited,533581,PGEL,Consumer Discretionary,Consumer Durables
531358,Choice International Ltd,531358,CHOICEIN,Financial Services,Financial Services
544405,BELRISE INDUSTRIES LIMITED,544405,BELRISE,Consumer Discretionary,Automobile and Auto Components
500008,Amara Raja Energy & Mobility Limited,500008,ARE&,Consumer Discretionary,Automobile and Auto Components
500252,LMW Limited,500252,LMW,Industrials,Capital Goods
533573,ALEMBIC PHARMACEUTICALS LIMITED,533573,APLLTD,Healthcare,Healthcare
543330,Devyani International Limited,543330,DEVYANI,Consumer Discretionary,Consumer Services
530019,JUBILANT PHARMOVA LIMITED,530019,JUBLPHARMA,Healthcare,Healthcare
544174,TBO TEK LIMITED,544174,TBOTEK,Consumer Discretionary,Consumer Services
522074,Elgi Equipments Ltd.,522074,ELGIEQUIP,Industrials,Capital Goods
524200,Vinati Organics Ltd.,524200,VINATIORGA,Commodities,Chemicals
543573,Syrma SGS Technology Limited,543573,SYRMA,Industrials,Capital Goods
500266,Maharashtra Scooters Ltd.,500266,MAHSCOOTER,Financial Services,Financial Services
532784,Sobha Limited,532784,SOBHA,Consumer Discretionary,Realty
500878,Ceat Ltd.,500878,CEATLTD,Consumer Discretionary,Automobile and Auto Components
544225,Ola Electric Mobility Limited,544225,OLAELEC,Consumer Discretionary,Automobile and Auto Components
544203,Allied Blenders and Distillers Limited,544203,ABDL,Fast Moving Consumer Goods,Fast Moving Consumer Goods
544350,Dr. Agarwal's Health Care Limited,544350,AGARWALEYE,Healthcare,Healthcare
500106,IFCI Ltd.,500106,IFCI,Financial Services,Financial Services
544608,Emmvee Photovoltaic Power Limited,544608,EMMVEE,Industrials,Capital Goods
544283,ACME Solar Holdings Limited,544283,ACMESOLAR,Utilities,Power
544045,DOMS Industries Limited,544045,DOMS,Fast Moving Consumer Goods,Fast Moving Consumer Goods
504067,Zensar Technologies Ltd.,504067,ZENSARTECH,Information Technology,Information Technology
524208,Aarti Industries Ltd,524208,AARTIIND,Commodities,Chemicals
500645,Deepak Fertilizers &Petrochemicals,500645,DEEPAKFERT,Commodities,Chemicals
543663,Five-Star Business Finance Ltd.,543663,FIVESTAR,Financial Services,Financial Services
500048,BEML Ltd,500048,BEML,Industrials,Capital Goods
544700,Fractal Analytics Limited,544700,FRACTAL,Information Technology,Information Technology
532953,V-Guard Industries Ltd.,532953,VGUARD,Consumer Discretionary,Consumer Durables
532726,GALLANTT ISPAT LIMITED,532726,GALLANTT,Industrials,Capital Goods
532482,Granules India Ltd.,532482,GRANULES,Healthcare,Healthcare
543275,Anupam Rasayan India Limited,543275,ANURAS,Commodities,Chemicals
504346,RRP SEMICONDUCTOR LIMITED,504346,,Financial Services,Financial Services
541956,IRCON International Ltd,541956,IRCON,Industrials,Construction
544311,International Gemological Institute Limited,544311,IGIL,Services,Services
544408,Leela Palaces Hotels & Resorts Limited,544408,THELEELA,Consumer Discretionary,Consumer Services
544537,Jain Resource Recycling Limited,544537,JAINREC,Commodities,Metals & Mining
505714,Gabriel India Ltd.,505714,GABRIEL,Consumer Discretionary,Automobile and Auto Components
500710,JSW Dulux Limited,500710,JSWDULUX,Consumer Discretionary,Consumer Durables
512573,Avanti Feeds ltd.,512573,AVANTIFEED,Fast Moving Consumer Goods,Fast Moving Consumer Goods
502986,Vardhman Textiles Limted,502986,VTL,Consumer Discretionary,Textiles
544226,Brainbees Solutions Limited,544226,FIRSTCRY,Consumer Discretionary,Consumer Services
500110,Chennai Petroleum Corporation Ltd.,500110,CHENNPETRO,Energy,"Oil, Gas & Consumable Fuels"
544286,NIVA BUPA HEALTH INSURANCE COMPANY LIMITED,544286,NIVABUPA,Financial Services,Financial Services
531335,Zydus Wellness Limited,531335,ZYDUSWELL,Fast Moving Consumer Goods,Fast Moving Consumer Goods
532605,JBM Auto Limited,532605,JBMA,Consumer Discretionary,Automobile and Auto Components
544403,Aditya Birla Lifestyle Brands Limited,544403,ABLBL,Consumer Discretionary,Consumer Services
532783,LT Foods Limited,532783,LTFOODS,Fast Moving Consumer Goods,Fast Moving Consumer Goods
524742,Caplin Point Laboratories Ltd.,524742,CAPLIPOINT,Healthcare,Healthcare
543238,UTI Asset Management Company Limited,543238,UTIAMC,Financial Services,Financial Services
543990,SIGNATUREGLOBAL (INDIA) LIMITED,543990,SIGNATURE,Consumer Discretionary,Realty
519600,CCL Products (India) Ltd.,519600,CCL,Fast Moving Consumer Goods,Fast Moving Consumer Goods
541557,Fine Organic Industries Limited,541557,FINEORG,Commodities,Chemicals
500249,KSB LIMITED,500249,KSB,Industrials,Capital Goods
538962,Minda Corporation Limited,538962,MINDACORP,Consumer Discretionary,Automobile and Auto Components
521064,Trident Ltd,521064,TRIDENT,Consumer Discretionary,Textiles
544344,SHRIRAM PISTONS & RINGS LTD,544344,SHRIPISTON,Consumer Discretionary,Automobile and Auto Components
542726,IndiaMART InterMESH Limited,542726,INDIAMART,Consumer Discretionary,Consumer Services
544583,Canara HSBC Life Insurance Company Limited,544583,CANHLIFE,Financial Services,Financial Services
530007,JK Tyre & Industries Ltd.,530007,JKTYRE,Consumer Discretionary,Automobile and Auto Components
517146,Usha Martin Ltd.,517146,USHAMART,Industrials,Capital Goods
543530,Paradeep Phosphates Limited,543530,PARADEEP,Commodities,Chemicals
526612,Blue Dart Express Ltd.,526612,BLUEDART,Services,Services
543960,Concord Biotech Limited,543960,CONCORDBIO,Healthcare,Healthcare
523405,JM Financial Limited,523405,JMFINANCIL,Financial Services,Financial Services
543413,Tega Industries Limited,543413,TEGA,Industrials,Capital Goods
543335,Aptus Value Housing Finance India Limited,543335,APTUS,Financial Services,Financial Services
542141,Techno Electric & Engineering Company Limited,542141,TECHNOE,Industrials,Construction
543534,Aether Industries Limited,543534,AETHER,Commodities,Chemicals
544280,Afcons Infrastructure Limited,544280,AFCONS,Industrials,Construction
500241,Kirloskar Brothers Ltd.,500241,KIRLOSBROS,Industrials,Capital Goods
530005,India Cements Ltd.,530005,INDIACEM,Commodities,Construction Materials
532939,Reliance Power Limited,532939,RPOWER,Utilities,Power
543524,Rainbow Children's Medicare Limited,543524,RAINBOW,Healthcare,Healthcare
503310,Swan Corp Limited,503310,SWANCORP,Commodities,Chemicals
539533,ELITECON INTERNATIONAL LIMITED,539533,ELITECON,Fast Moving Consumer Goods,Fast Moving Consumer Goods
535789,Sammaan Capital Limited,535789,SAMMAANCAP,Financial Services,Financial Services
533339,Zen Technologies Ltd.,533339,ZENTEC,Industrials,Capital Goods
533553,TD Power Systems Ltd,533553,TDPOWERSYS,Industrials,Capital Goods
514162,WELSPUN LIVING LIMITED,514162,WELSPUNLIV,Consumer Discretionary,Textiles
533272,JUPITER WAGONS LIMITED,533272,JWL,Industrials,Capital Goods
500144,Finolex Cables Ltd.,500144,FINCABLES,Industrials,Capital Goods
500405,Supreme Petrochem Ltd.,500405,SPLPETRO,Commodities,Chemicals
544739,Central Mine Planning & Design Institute Limited,544739,CMPDI,Industrials,Construction
509488,Graphite India Ltd.,509488,GRAPHITE,Industrials,Capital Goods
533282,GRAVITA INDIA LIMITED,533282,GRAVITA,Commodities,Metals & Mining
543358,Sansera Engineering Limited,543358,SANSERA,Consumer Discretionary,Automobile and Auto Components
532209,Jammu and Kashmir Bank Ltd.,532209,J&,Financial Services,Financial Services
544578,RUBICON RESEARCH LIMITED,544578,RUBICON,Healthcare,Healthcare
543463,Vedant Fashions Limited,543463,MANYAVAR,Consumer Discretionary,Consumer Services
544572,SKF INDIA (INDUSTRIAL) LIMITED,544572,SKFINDUS,Industrials,Capital Goods
501425,The Bombay Burmah Trading Corporation Ltd.,501425,BBTC,Fast Moving Consumer Goods,Fast Moving Consumer Goods
540073,BLS International Services Ltd,540073,BLS,Consumer Discretionary,Consumer Services
538835,INTELLECT DESIGN ARENA LIMITED,538835,INTELLECT,Information Technology,Information Technology
543334,Nuvoco Vistas Corporation Limited,543334,NUVOCO,Commodities,Construction Materials
543768,NMDC Steel Limited,543768,NSLNISP,Commodities,Metals & Mining
544172,Indegene Limited,544172,INDGN,Healthcare,Healthcare
500238,Whirlpool of India Ltd,500238,WHIRLPOOL,Consumer Discretionary,Consumer Durables
540750,Indian Energy Exchange Limited,540750,IEX,Financial Services,Financial Services
509496,Cemindia Projects Limited,509496,CEMPRO,Industrials,Construction
511196,Can Fin Homes Ltd.,511196,CANFINHOME,Financial Services,Financial Services
530117,PRIVI SPECIALITY CHEMICALS LIMITED,530117,PRIVISCL,Commodities,Chemicals
500378,Jindal Saw Ltd.,500378,JINDALSAW,Industrials,Capital Goods
500210,Ingersoll-Rand (India) Ltd.,500210,INGERRAND,Industrials,Capital Goods
543259,Home First Finance Company India Limited,543259,HOMEFIRST,Financial Services,Financial Services
532175,Cyient Limited,532175,CYIENT,Information Technology,Information Technology
532627,Jaiprakash Power Ventures Limited,532627,JPPOWER,Utilities,Power
506590,PCBL Chemical Limited,506590,PCBL,Commodities,Chemicals
543322,ALIVUS LIFE SCIENCES LIMITED,543322,ALIVUS,Healthcare,Healthcare
543333,CarTrade Tech Limited,543333,CARTRADE,Consumer Discretionary,Consumer Services
532178,Engineers India Ltd.,532178,ENGINERSIN,Industrials,Construction
523598,Shipping Corporation Of India Ltd,523598,SCI,Services,Services
544288,BlackBuck Limited,544288,BLACKBUCK,Services,Services
540743,Godrej Agrovet Limited,540743,GODREJAGRO,Fast Moving Consumer Goods,Fast Moving Consumer Goods
530843,Cupid Limited,530843,CUPID,Fast Moving Consumer Goods,Fast Moving Consumer Goods
532400,BIRLASOFT LIMITED,532400,BSOFT,Information Technology,Information Technology
541988,AAVAS Financiers Limited,541988,AAVAS,Financial Services,Financial Services
500043,Bata India Limited,500043,BATAINDIA,Consumer Discretionary,Consumer Durables
544012,Cello World Limited,544012,CELLO,Consumer Discretionary,Consumer Durables
539957,Mahanagar Gas Limited,539957,MGL,Energy,"Oil, Gas & Consumable Fuels"
542904,Ujjivan Small Finance Bank Limited,542904,UJJIVANSFB,Financial Services,Financial Services
500183,HFCL LIMITED,500183,HFCL,Telecommunication,Telecommunication
533158,Thangamayil Jewellery Limited,533158,THANGAMAYL,Consumer Discretionary,Consumer Durables
500940,Finolex Industries Ltd.,500940,FINPIPE,Industrials,Capital Goods
544057,Happy Forgings Limited,544057,HAPPYFORGE,Industrials,Capital Goods
543959,SBFC Finance Limited,543959,SBFC,Financial Services,Financial Services
544046,INOX India Limited,544046,INOXINDIA,Industrials,Capital Goods
532762,Action Construction Equipments Ltd.,532762,ACE,Industrials,Capital Goods
541556,RITES Limited,541556,RITES,Industrials,Construction
509631,HEG Ltd.,509631,HEG,Industrials,Capital Goods
541233,Lemon Tree Hotels Limited,541233,LEMONTREE,Consumer Discretionary,Consumer Services
544717,Clean Max Enviro Energy Solutions Limited,544717,CLEANMAX,Utilities,Power
544061,Azad Engineering Limited,544061,AZAD,Industrials,Capital Goods
532796,Lumax Auto Technologies Ltd.,532796,LUMAXTECH,Consumer Discretionary,Automobile and Auto Components
532922,Edelweiss Financial Services Ltd.,532922,EDELWEISS,Financial Services,Financial Services
543265,RailTel Corporation of India Limited,543265,RAILTEL,Telecommunication,Telecommunication
543482,Eureka Forbes Limited,543482,EUREKAFORB,Consumer Discretionary,Consumer Durables
543271,Jubilant Ingrevia Limited,543271,JUBLINGREA,Commodities,Chemicals
532966,TITAGARH RAIL SYSTEMS LIMITED,532966,TITAGARH,Industrials,Capital Goods
532218,South Indian Bank Ltd.,532218,SOUTHBANK,Financial Services,Financial Services
543527,Prudent Corporate Advisory Services Limited,543527,PRUDENT,Financial Services,Financial Services
544250,Sanofi Consumer Healthcare India Limited,544250,SANOFICONR,Healthcare,Healthcare
504918,Sandur Manganese & Iron Ores Ltd.,504918,SANDUMA,Commodities,Metals & Mining
543350,Vijaya Diagnostic Centre Limited,543350,VIJAYA,Healthcare,Healthcare
501423,Shaily Engineering Plastics Ltd.,501423,SHAILY,Consumer Discretionary,Consumer Durables
505700,Elecon Engineering Co.Ltd.,505700,ELECON,Industrials,Capital Goods
532689,PVR INOX LIMITED,532689,PVRINOX,Consumer Discretionary,"Media, Entertainment & Publication"
534618,WAAREE RENEWABLE TECHNOLOGIES LIMITED,534618,WAAREERTL,Industrials,Capital Goods
543427,Medplus Health Services Limited,543427,MEDPLUS,Consumer Discretionary,Consumer Services
500294,NCC Limited,500294,NCC,Industrials,Construction
543270,MTAR Technologies Limited,543270,MTARTECH,Industrials,Capital Goods
542773,IIFL CAPITAL SERVICES LIMITED,542773,IIFLCAPS,Financial Services,Financial Services
542650,Metropolis Healthcare Limited,542650,METROPOLIS,Healthcare,Healthcare
520113,Vesuvius India Ltd.,520113,VESUVIUS,Industrials,Capital Goods
507205,Tilaknagar Industries Ltd,507205,TI,Fast Moving Consumer Goods,Fast Moving Consumer Goods
532527,ramkrishna forgings Ltd.,532527,RKFORGE,Consumer Discretionary,Automobile and Auto Components
543280,Nazara Technologies Limited,543280,NAZARA,Consumer Discretionary,"Media, Entertainment & Publication"
532926,JYOTHY LABS LIMITED,532926,JYOTHYLAB,Fast Moving Consumer Goods,Fast Moving Consumer Goods
544634,Aequs Limited,544634,AEQUS,Industrials,Capital Goods
523025,Safari Industries (India) Ltd.,523025,SAFARI,Consumer Discretionary,Consumer Durables
544014,Honasa Consumer Limited,544014,HONASA,Fast Moving Consumer Goods,Fast Moving Consumer Goods
532439,OLECTRA GREENTECH LIMITED,532439,OLECTRA,Consumer Discretionary,Automobile and Auto Components
540900,Newgen Software Technologies Limited,540900,NEWGEN,Information Technology,Information Technology
543317,G R Infraprojects Limited,543317,GRINFRA,Industrials,Construction
544644,Corona Remedies Limited ,544644,CORONA,Healthcare,Healthcare
543596,Tamilnad Mercantile Bank Limited,543596,TMB,Financial Services,Financial Services
500038,Balrampur Chini Mills Ltd.,500038,BALRAMCHIN,Fast Moving Consumer Goods,Fast Moving Consumer Goods
500039,Banco Products (India) Ltd.,500039,BANCOINDIA,Consumer Discretionary,Automobile and Auto Components
513377,MMTC Ltd.,513377,MMTC,Services,Services
532493,Astra Microwave Products Ltd.,532493,ASTRAMICRO,Industrials,Capital Goods
500674,Sanofi India Ltd,500674,SANOFI,Healthcare,Healthcare
544192,Le Travenues Technology Limited,544192,IXIGO,Consumer Discretionary,Consumer Services
532856,Time Technoplast Limited,532856,TIMETECHNO,Industrials,Capital Goods
539787,HealthCare Global Enterprises Limited,539787,HCG,Healthcare,Healthcare
500101,Arvind Ltd.,500101,ARVIND,Consumer Discretionary,Textiles
500380,JK Lakshmi Cement Limited,500380,JKLAKSHMI,Commodities,Construction Materials
530517,Relaxo Footwears Ltd.,530517,RELAXO,Consumer Discretionary,Consumer Durables
500463,BLACK BOX LIMITED,500463,BBOX,Information Technology,Information Technology
534076,RHI MAGNESITA INDIA LIMITED,534076,RHIM,Industrials,Capital Goods
500126,PROCTER & GAMBLE HEALTH LIMITED,500126,PGHL,Healthcare,Healthcare
532371,Tata Teleservices (Maharashtra) Ltd.,532371,TTML,Telecommunication,Telecommunication
540575,Star Cement Limited,540575,STARCEMENT,Commodities,Construction Materials
544022,ASK Automotive Limited,544022,ASKAUTOLTD,Consumer Discretionary,Automobile and Auto Components
543980,Jupiter Life Line Hospitals Limited,543980,JLHL,Healthcare,Healthcare
500472,SKF India Ltd.,500472,SKFINDIA,Industrials,Capital Goods
541578,Varroc Engineering Limited,541578,VARROC,Consumer Discretionary,Automobile and Auto Components
543318,Clean Science and Technology Limited,543318,CLEAN,Commodities,Chemicals
532832,EMBASSY DEVELOPMENTS LIMITED,532832,EMBDL,Consumer Discretionary,Realty
538666,Sharda Cropchem Limited,538666,SHARDACROP,Commodities,Chemicals
532928,Transformers and Rectifiers (India) Limited,532928,TARIL,Industrials,Capital Goods
532468,Kama Holdings Limited,532468,KAMAHOLD,Financial Services,Financial Services
530343,Genus Power Infrastructures Ltd,530343,GENUSPOWER,Industrials,Capital Goods
500133,Esab India Ltd.,500133,ESABINDIA,Industrials,Capital Goods
532221,Sonata Software Ltd.,532221,SONATSOFTW,Information Technology,Information Technology
544044,India Shelter Finance Corporation Limited,544044,INDIASHLTR,Financial Services,Financial Services
533107,SWAN DEFENCE AND HEAVY INDUSTRIES LIMITED,533107,SWANDEF,Industrials,Capital Goods
535755,Aditya Birla Fashion and Retail Limited,535755,ABFRL,Consumer Discretionary,Consumer Services
540879,Apollo Micro Systems Limited,540879,APOLLO,Industrials,Capital Goods
500655,GARWARE HI-TECH FILMS LIMITED,500655,GRWRHITECH,Industrials,Capital Goods
505537,Zee Entertainment Enterprises Ltd.,505537,ZEEL,Consumer Discretionary,"Media, Entertainment & Publication"
544476,Jeena Sikho Lifecare Limited,544476,JSLL,Consumer Discretionary,Consumer Services
532757,VOLTAMP TRANSFORMERS LIMITED,532757,VOLTAMP,Industrials,Capital Goods
532531,STRIDES PHARMA SCIENCE LIMITED,532531,STAR,Healthcare,Healthcare
542323,KPI Green Energy Limited,542323,KPIGREEN,Utilities,Power
544595,Orkla India Limited,544595,ORKLAINDIA,Fast Moving Consumer Goods,Fast Moving Consumer Goods
505355,Nesco Ltd,505355,NESCO,Services,Services
533248,Gujarat Pipavav Port Limited,533248,GPPL,Services,Services
544488,Vikram Solar Limited,544488,VIKRAMSOLR,Industrials,Capital Goods
530813,KRBL Ltd.,530813,KRBL,Fast Moving Consumer Goods,Fast Moving Consumer Goods
543398,Latent View Analytics Limited,543398,LATENTVIEW,Information Technology,Information Technology
532356,Triveni Engineering & Industries Ltd,532356,TRIVENI,Fast Moving Consumer Goods,Fast Moving Consumer Goods
543490,GMR Power and Urban Infra Limited,543490,GMRP&,Utilities,Power
544256,P N GADGIL JEWELLERS LIMITED,544256,PNGJL,Consumer Discretionary,Consumer Durables
524404,Marksans Pharma Ltd.,524404,MARKSANS,Healthcare,Healthcare
544009,Blue Jet Healthcare Limited,544009,BLUEJET,Healthcare,Healthcare
533269,VA Tech Wabag Limited,533269,WABAG,Utilities,Utilities
544679,Amagi Media Labs Limited,544679,AMAGI,Information Technology,Information Technology
541974,Manorama Industries Limited,541974,MANORAMA,Fast Moving Consumer Goods,Fast Moving Consumer Goods
532349,Transport Corporation of India Ltd,532349,TCI,Services,Services
505533,WESTLIFE FOODWORLD LIMITED,505533,WESTLIFE,Consumer Discretionary,Consumer Services
506767,Alkyl Amines Chemicals Ltd.,506767,ALKYLAMINE,Commodities,Chemicals
532313,Mahindra Lifespace Developers Ltd.,532313,MAHLIFE,Consumer Discretionary,Realty
532652,Karnataka Bank Ltd.,532652,KTKBANK,Financial Services,Financial Services
500335,Birla Corporation Ltd.,500335,BIRLACORPN,Commodities,Construction Materials
543523,Campus Activewear Limited,543523,CAMPUS,Consumer Discretionary,Consumer Durables
517506,TTK Prestige Ltd.,517506,TTKPRESTIG,Consumer Discretionary,Consumer Durables
544645,PARK MEDI WORLD LIMITED,544645,PARKHOSPS,Healthcare,Healthcare
532915,Religare Enterprises Ltd,532915,RELIGARE,Financial Services,Financial Services
512463,LLOYDS ENTERPRISES LIMITED,512463,LLOYDSENT,Commodities,Metals & Mining
544527,Atlanta Electricals Limited,544527,ATLANTAELE,Industrials,Capital Goods
532867,V2 Retail Limited,532867,V2RETAIL,Consumer Discretionary,Consumer Services
522285,Jayaswal Neco Industries Ltd,522285,JAYNECOIND,Industrials,Capital Goods
531431,Shakti Pumps (India) Ltd.,531431,SHAKTIPUMP,Industrials,Capital Goods
544484,BlueStone Jewellery and Lifestyle Limited,544484,BLUESTONE,Consumer Discretionary,Consumer Durables
540595,Tejas Networks Limited,540595,TEJASNET,Telecommunication,Telecommunication
500265,Maharashtra Seamless Ltd.,500265,MAHSEAMLES,Industrials,Capital Goods
544317,Transrail Lighting Limited,544317,TRANSRAILL,Industrials,Capital Goods
521070,Alok Industries Ltd.,521070,ALOKINDS,Consumer Discretionary,Textiles
544570,WeWork India Management Limited,544570,WEWORK,Services,Services
533095,Bengal & Assam Company Limited,533095,BENGALASM,Financial Services,Financial Services
524230,Rashtriya Chemicals & Fertilizers Limited,524230,RCF,Commodities,Chemicals
540047,Dilip Buildcon Limited,540047,DBL,Industrials,Construction
505283,Kirloskar Pneumatic Co.Ltd.,505283,KIRLPNU,Industrials,Capital Goods
522163,Diamond Power Infrastructure Limited,522163,DIACABS,Industrials,Capital Goods
534809,PC JEWELLER LIMITED,534809,PCJEWELLER,Consumer Discretionary,Consumer Durables
544222,Akums Drugs and Pharmaceuticals Limited,544222,AKUMS,Healthcare,Healthcare
543425,C.E. Info Systems Limited,543425,MAPMYINDIA,Information Technology,Information Technology
540293,Pricol Limited,540293,PRICOLLTD,Consumer Discretionary,Automobile and Auto Components
500245,Kirloskar Ferrous Industries Ltd.,500245,KIRLFER,Commodities,Metals & Mining
544469,Sri Lotus Developers and Realty Limited,544469,LOTUSDEV,Consumer Discretionary,Realty
506655,Sudarshan Chemical Indus. Ltd.,506655,SUDARSCHEM,Commodities,Chemicals
532808,Pearl Global Industries Limited,532808,PGIL,Consumer Discretionary,Textiles
512529,VIYASH SCIENTIFIC LIMITED,512529,VIYASH,Healthcare,Healthcare
543243,Equitas Small Finance Bank Limited,543243,EQUITASBNK,Financial Services,Financial Services
532374,Sterlite Technologies Limited.,532374,STLTECH,Telecommunication,Telecommunication
544685,SHADOWFAX TECHNOLOGIES LIMITED,544685,SHADOWFAX,Services,Services
542867,CSB Bank Limited,542867,CSBBANK,Financial Services,Financial Services
543417,RateGain Travel Technologies Limited,543417,RATEGAIN,Information Technology,Information Technology
544723,SEDEMAC MECHATRONICS LIMITED,544723,SEDEMAC,Consumer Discretionary,Automobile and Auto Components
500123,Elantas Beck India Ltd,500123,ELANTAS,Commodities,Chemicals
533047,Indian Metals & Ferro Alloys Limited,533047,IMFA,Commodities,Metals & Mining
544619,Sudeep Pharma Limited,544619,SUDEEPPHRM,Healthcare,Healthcare
543532,ETHOS LIMITED,543532,ETHOSLTD,Consumer Discretionary,Consumer Durables
502219,BOROSIL RENEWABLES LIMITED,502219,BORORENEW,Industrials,Capital Goods
543667,INOX GREEN ENERGY SERVICES LIMITED,543667,INOXGREEN,Services,Services
543306,Dodla Dairy Limited,543306,DODLA,Fast Moving Consumer Goods,Fast Moving Consumer Goods
539302,Power Mech Projects Limited,539302,POWERMECH,Industrials,Construction
543657,Archean Chemical Industries Limited,543657,ACI,Commodities,Chemicals
500690,Gujarat State Fertilizers & Chem.Ltd,500690,GSFC,Commodities,Chemicals
532375,TIPS MUSIC LIMITED,532375,TIPSMUSIC,Consumer Discretionary,"Media, Entertainment & Publication"
500670,Gujarat Narmada Valley Fert.Co.Ltd,500670,GNFC,Commodities,Chemicals
543253,Mrs. Bectors Food Specialities Limited,543253,BECTORFOOD,Fast Moving Consumer Goods,Fast Moving Consumer Goods
543957,REDTAPE Limited,543957,REDTAPE,Consumer Discretionary,Consumer Durables
544423,Kalpataru Limited,544423,KALPATARU,Consumer Discretionary,Realty
532553,Welspun Enterprises Limited,532553,WELENT,Industrials,Construction
543397,Sapphire Foods India Limited,543397,SAPPHIRE,Consumer Discretionary,Consumer Services
532163,Saregama India Ltd.,532163,SAREGAMA,Consumer Discretionary,"Media, Entertainment & Publication"
540935,Galaxy Surfactants Limited,540935,GALAXYSURF,Commodities,Chemicals
539871,Thyrocare Technologies Limited,539871,THYROCARE,Healthcare,Healthcare
544008,Max Estates Limited,544008,MAXESTATES,Consumer Discretionary,Realty
532443,Cera Sanitaryware Ltd.,532443,CERA,Consumer Discretionary,Consumer Durables
532790,TANLA PLATFORMS LIMITED,532790,TANLA,Information Technology,Information Technology
500135,EPL LIMITED,500135,EPL,Industrials,Capital Goods
543950,YATHARTH HOSPITAL & TRAUMA CARE SERVICES LIMITED,543950,YATHARTH,Healthcare,Healthcare
530549,Shilpa Medicare Ltd.,530549,SHILPAMED,Healthcare,Healthcare
533286,MOIL Limited,533286,MOIL,Commodities,Metals & Mining
509557,GARWARE TECHNICAL FIBRES LIMITED,509557,GARFIBRES,Consumer Discretionary,Textiles
500338,PRISM JOHNSON LIMITED.,500338,PRSMJOHNSN,Commodities,Construction Materials
543748,Aarti Pharmalabs Limited,543748,AARTIPHARM,Healthcare,Healthcare
544613,Fujiyama Power Systems Limited,544613,UTLSOLAR,Industrials,Capital Goods
543227,Happiest Minds Technologies Limited,543227,HAPPSTMNDS,Information Technology,Information Technology
544367,QUALITY POWER ELECTRICAL EQUIPMENTS LIMITED,544367,QPOWER,Industrials,Capital Goods
505242,Dynamatic Technologies Ltd.,505242,DYNAMATECH,Industrials,Capital Goods
540205,Aditya Vision Limited,540205,AVL,Consumer Discretionary,Consumer Services
543896,Avalon Technologies Limited,543896,AVALON,Industrials,Capital Goods
533033,ISGEC Heavy Engineering Limited,533033,ISGEC,Industrials,Construction
541195,Mishra Dhatu Nigam Limited,541195,MIDHANI,Industrials,Capital Goods
532976,Jai Balaji Industries Limited,532976,JAIBALAJI,Commodities,Metals & Mining
500201,India Glycols Ltd,500201,INDIAGLYCO,Fast Moving Consumer Goods,Fast Moving Consumer Goods
542484,Arvind Fashions Limited,542484,ARVINDFASN,Consumer Discretionary,Consumer Services
527001,Ashapura Minechem Ltd,527001,ASHAPURMIN,Commodities,Metals & Mining
531599,FDC Ltd.,531599,FDC,Healthcare,Healthcare
533160,VALOR ESTATE LIMITED,533160,DBREALTY,Consumer Discretionary,Realty
544356,AJAX Engineering Limited,544356,AJAXENGG,Industrials,Capital Goods
540203,Sheela Foam Limited,540203,SFL,Consumer Discretionary,Consumer Durables
538979,Greenlam Industries Ltd,538979,GREENLAM,Consumer Discretionary,Consumer Durables
532395,AXISCADES TECHNOLOGIES LIMITED,532395,AXISCADES,Industrials,Capital Goods
523323,Kovai Medical Center & Hospital Ltd,523323,KOVAI,Healthcare,Healthcare
544622,Kwality Wall’s (India) Limited,544622,KWIL,Fast Moving Consumer Goods,Fast Moving Consumer Goods
539992,LLOYDS ENGINEERING WORKS LIMITED,539992,LLOYDSENGG,Industrials,Capital Goods
532509,Suprajit Engineering Ltd.,532509,SUPRAJIT,Consumer Discretionary,Automobile and Auto Components
524226,Gujarat Ambuja Exports Ltd.,524226,GAEL,Fast Moving Consumer Goods,Fast Moving Consumer Goods
519126,Hindustan Foods Ltd.,519126,HNDFDS,Fast Moving Consumer Goods,Fast Moving Consumer Goods
526367,GANESH HOUSING LIMITED,526367,GANESHHOU,Consumer Discretionary,Realty
543669,Keystone Realtors Limited,543669,RUSTOMJEE,Consumer Discretionary,Realty
532798,Network 18 Media & Investments Limited,532798,NETWORK18,Consumer Discretionary,"Media, Entertainment & Publication"
532162,JK Paper Ltd.,532162,JKPAPER,Commodities,Forest Materials
522205,Praj Industries Ltd.,522205,PRAJIND,Industrials,Capital Goods
523704,Mastek Limited,523704,MASTEK,Information Technology,Information Technology
531112,BALU FORGE INDUSTRIES LIMITED,531112,BALUFORGE,Industrials,Capital Goods
533088,Mahindra Holidays & Resorts India Limited,533088,MHRIL,Consumer Discretionary,Consumer Services
532811,Ahluwalia Contracts (India) Ltd,532811,AHLUCONT,Industrials,Construction
517385,Symphony Limited,517385,SYMPHONY,Consumer Discretionary,Consumer Durables
544240,Raymond Lifestyle Limited,544240,RAYMONDLSL,Consumer Discretionary,Textiles
539150,PNC Infratech Limited,539150,PNCINFRA,Industrials,Construction
532768,FIEM INDUSTRIES LIMITED,532768,FIEMIND,Consumer Discretionary,Automobile and Auto Components
500413,Thomas Cook (India) Ltd.,500413,THOMASCOOK,Consumer Discretionary,Consumer Services
532772,DCB Bank Limited,532772,DCBBANK,Financial Services,Financial Services
500250,L.g.Balkrishnan & Bros. Ltd.,500250,LGBBROSLTD,Consumer Discretionary,Automobile and Auto Components
524019,Kingfa Science & Technology (India) Ltd,524019,KINGFA,Industrials,Capital Goods
544490,Shreeji Shipping Global Limited,544490,SHREEJISPG,Services,Services
540749,MAS Financial Services Limited,540749,MASFIN,Financial Services,Financial Services
544642,Wakefit Innovations Limited,544642,WAKEFIT,Consumer Discretionary,Consumer Durables
530305,Piccadily Agro Industries ltd.,530305,PICCADIL,Fast Moving Consumer Goods,Fast Moving Consumer Goods
512179,Sunteck Realty Ltd,512179,SUNTECK,Consumer Discretionary,Realty
532835,ICRA Limited,532835,ICRA,Financial Services,Financial Services
505192,SML Mahindra Limited,505192,SMLMAH,Industrials,Capital Goods
543434,Supriya Lifescience Limited,543434,SUPRIYA,Healthcare,Healthcare
532670,Shree Renuka Sugars Ltd.,532670,RENUKA,Fast Moving Consumer Goods,Fast Moving Consumer Goods
544744,Powerica Ltd.,544744,POWERICA,Industrials,Capital Goods
543367,Paras Defence and Space Technologies Limited,543367,PARAS,Industrials,Capital Goods
535648,Just Dial Limited,535648,JUSTDIAL,Consumer Discretionary,Consumer Services
544580,Canara Robeco Asset Management Company Limited,544580,CRAMC,Financial Services,Financial Services
543387,S.J.S. Enterprises Limited,543387,SJS,Consumer Discretionary,Automobile and Auto Components
539725,Gokul Agro Resources Ltd,539725,GOKULAGRO,Fast Moving Consumer Goods,Fast Moving Consumer Goods
521016,Indo Count Industries Ltd,521016,ICIL,Consumer Discretionary,Textiles
505726,IFB Industries Limited,505726,IFBIND,Consumer Discretionary,Consumer Durables
532668,Aurionpro Solutions Ltd.,532668,AURIONPRO,Information Technology,Information Technology
541967,Sky Gold And Diamonds Limited,541967,SKYGOLD,Consumer Discretionary,Consumer Durables
538567,Gulf Oil Lubricants India Limited,538567,GULFOILLUB,Energy,"Oil, Gas & Consumable Fuels"
539807,AvenuesAI Limited,539807,CCAVENUE,Financial Services,Financial Services
500214,Ion Exchange (India) Ltd,500214,IONEXCHANG,Utilities,Utilities
500336,Surya Roshni Ltd.,500336,SURYAROSNI,Industrials,Capital Goods
532891,Puravankara Limited,532891,PURVA,Consumer Discretionary,Realty
539883,Pilani Investment And Industries Corporation Limited,539883,PILANIINVS,Financial Services,Financial Services
532630,Gokaldas Exports Ltd,532630,GOKEX,Consumer Discretionary,Textiles
544027,Fedbank Financial Services Limited,544027,FEDFINA,Financial Services,Financial Services
543441,CMS Info Systems Limited,543441,CMSINFO,Services,Services
544647,Nephrocare Health Services Limited,544647,NEPHROPLUS,Healthcare,Healthcare
517168,Subros Ltd.,517168,SUBROS,Industrials,Capital Goods
544263,KRN HEAT EXCHANGER AND REFRIGERATION LIMITED,544263,KRN,Industrials,Capital Goods
544447,SMARTWORKS COWORKING SPACES LIMITED,544447,SMARTWORKS,Services,Services
543936,Senco Gold Limited,543936,SENCO,Consumer Discretionary,Consumer Durables
534976,V-Mart Retail Limited,534976,VMART,Consumer Discretionary,Consumer Services
535602,Sharda Motor Industries Ltd,535602,SHARDAMOTR,Consumer Discretionary,Automobile and Auto Components
544526,Saatvik Green Energy Limited,544526,SAATVIKGL,Industrials,Capital Goods
500390,Reliance Infrastructure Ltd,500390,RELINFRA,Utilities,Power
532804,Technocraft Industries (India) Ltd.,532804,TIIL,Industrials,Capital Goods
544129,Juniper Hotels Limited,544129,JUNIPER,Consumer Discretionary,Consumer Services
507880,V.I.P. Industries Ltd.,507880,VIPIND,Consumer Discretionary,Consumer Durables
534597,RATTANINDIA ENTERPRISES LIMITED,534597,RTNINDIA,Consumer Discretionary,Consumer Services
544418,Oswal Pumps Limited,544418,OSWALPUMPS,Industrials,Capital Goods
500355,Rallis India Ltd,500355,RALLIS,Commodities,Chemicals
523539,Precision Wires India ltd.,523539,PRECWIRE,Industrials,Capital Goods
543332,Epigral Limited,543332,EPIGRAL,Commodities,Chemicals
507717,Dhanuka Agritech Ltd.,507717,DHANUKA,Commodities,Chemicals
517206,Lumax Industries Ltd.,517206,LUMAXIND,Consumer Discretionary,Automobile and Auto Components
500171,GHCL Ltd.,500171,GHCL,Commodities,Chemicals
532524,PTC India Ltd,532524,PTC,Utilities,Power
543258,Indigo Paints Limited,543258,INDIGOPNTS,Consumer Discretionary,Consumer Durables
520051,Jamna Auto Industries Ltd.,520051,JAMNAAUTO,Consumer Discretionary,Automobile and Auto Components
533122,RattanIndia Power Limited,533122,RTNPOWER,Utilities,Power
544587,Midwest Limited,544587,MIDWESTLTD,Consumer Discretionary,Consumer Durables
543952,NIIT Learning Systems Limited,543952,NIITMTS,Consumer Discretionary,Consumer Services
500031,Bajaj Electricals Ltd.,500031,BAJAJELEC,Consumer Discretionary,Consumer Durables
512329,SG MART LIMITED,512329,SGMART,Commodities,Metals & Mining
505890,Kennametal India Limtied,505890,KENNAMET,Industrials,Capital Goods
544122,Entero Healthcare Solutions Limited,544122,ENTERO,Consumer Discretionary,Consumer Services
543965,TVS Supply Chain Solutions Limited,543965,TVSSCS,Services,Services
531266,V.S.T.Tillers Tractors Ltd.,531266,VSTTILLERS,Industrials,Capital Goods
526570,Midwest Gold Ltd,526570,,Commodities,Construction Materials
505509,Responsive Industries Ltd,505509,RESPONIND,Consumer Discretionary,Consumer Durables
534804,CARE Ratings Limited,534804,CARERATING,Financial Services,Financial Services
500185,Hindustan Construction Co. Ltd.,500185,HCC,Industrials,Construction
544223,Ceigall India Limited,544223,CEIGALL,Industrials,Construction
542760,STERLING AND WILSON RENEWABLE ENERGY LIMITED,542760,SWSOLAR,Industrials,Construction
533326,Texmaco Rail & Engineering Limited,533326,TEXRAIL,Industrials,Capital Goods
544614,Capillary Technologies India Limited,544614,CAPILLARY,Information Technology,Information Technology
538730,PDS LIMITED,538730,PDSL,Consumer Discretionary,Textiles
532899,Kaveri Seed Company Ltd,532899,KSCL,Fast Moving Consumer Goods,Fast Moving Consumer Goods
539118,VRL Logistics Limited,539118,VRLLOG,Services,Services
500128,Electrosteel Castings Ltd.,500128,ELECTCAST,Industrials,Capital Goods
531500,Rajesh Exports Ltd.,531500,RAJESHEXPO,Consumer Discretionary,Consumer Durables
532189,India Tourism Development Corporati,532189,ITDC,Consumer Discretionary,Consumer Services
544322,Unimech Aerospace and Manufacturing Limited,544322,UNIMECH,Industrials,Capital Goods
538562,Skipper Limited,538562,SKIPPER,Industrials,Capital Goods
533169,MAN INFRACONSTRUCTION LIMITED,533169,MANINFRA,Consumer Discretionary,Realty
531201,Shilchar Technologies Ltd.,531201,SHILCTECH,Industrials,Capital Goods
500307,Nirlon Limited,500307,NIRLON,Services,Services
505255,GMM Pfaudler Ltd.,505255,GMMPFAUDLR,Industrials,Capital Goods
532528,Datamatics Global Services Limited,532528,DATAMATICS,Information Technology,Information Technology
540673,SIS LIMITED,540673,SIS,Consumer Discretionary,Consumer Services
500041,Bannari Amman Sugars Ltd.,500041,BANARISUG,Fast Moving Consumer Goods,Fast Moving Consumer Goods
544209,Bansal Wire Industries Limited,544209,BANSALWIRE,Industrials,Capital Goods
500404,Sunflag Iron & Steel Co. Ltd.,500404,SUNFLAG,Industrials,Capital Goods
500407,Swaraj Engines Ltd.,500407,SWARAJENG,Industrials,Capital Goods
541019,H.G. Infra Engineering Limited,541019,HGINFRA,Industrials,Construction
500339,Rain Industries Limited,500339,RAIN,Commodities,Chemicals
544533,Seshaasai Technologies Limited,544533,STYL,Financial Services,Financial Services
526433,ASM Technologies Ltd.,526433,,Information Technology,Information Technology
533229,BAJAJ CONSUMER CARE LIMITED,533229,BAJAJCON,Fast Moving Consumer Goods,Fast Moving Consumer Goods
544439,CRIZAC LIMITED,544439,CRIZAC,Consumer Discretionary,Consumer Services
532872,Sun Pharma Advanced Research Company Ltd.,532872,SPARC,Healthcare,Healthcare
543249,TARC LIMITED,543249,TARC,Consumer Discretionary,Realty
543336,Chemplast Sanmar Limited,543336,CHEMPLASTS,Commodities,Chemicals
544118,JANA SMALL FINANCE BANK LIMITED,544118,JSFB,Financial Services,Financial Services
533271,Ashoka Buildcon Limited,533271,ASHOKA,Industrials,Construction
533151,D.B.Corp Limited,533151,DBCORP,Consumer Discretionary,"Media, Entertainment & Publication"
543277,Laxmi Organic Industries Limited,543277,LXCHEM,Commodities,Chemicals
500187,AGI GREENPAC LIMITED,500187,AGI,Industrials,Capital Goods
506854,TANFAC Industries Ltd.,506854,,Commodities,Chemicals
544421,ELLENBARRIE INDUSTRIAL GASES LIMITED,544421,ELLEN,Commodities,Chemicals
532940,J. Kumar Infraprojects Limited,532940,JKIL,Industrials,Construction
532735,R Systems International Limited,532735,RSYSTEMS,Information Technology,Information Technology
508486,Hawkins Cooker Ltd.,508486,HAWKINCOOK,Consumer Discretionary,Consumer Durables
534758,Cigniti Technologies Ltd,534758,CIGNITITEC,Information Technology,Information Technology
543533,eMudhra Limited,543533,EMUDHRA,Information Technology,Information Technology
509966,VST Industries Ltd.,509966,VSTIND,Fast Moving Consumer Goods,Fast Moving Consumer Goods
544260,Northern Arc Capital Ltd.,544260,NORTHARC,Financial Services,Financial Services
543626,Electronics Mart India Limited,543626,EMIL,Consumer Discretionary,Consumer Services
532638,Shoppers Stop Ltd,532638,SHOPERSTOP,Consumer Discretionary,Consumer Services
544067,INNOVA CAPTAB LIMITED,544067,INNOVACAP,Healthcare,Healthcare
532942,KNR Constructions Limited,532942,KNRCON,Industrials,Construction
532150,Indraprastha Medical Corporation Lt,532150,INDRAMEDCO,Healthcare,Healthcare
542460,The Anup Engineering Ltd,542460,ANUP,Industrials,Capital Goods
526729,Goldiam International Ltd.,526729,GOLDIAM,Consumer Discretionary,Consumer Durables
543985,ZAGGLE PREPAID OCEAN SERVICES LIMITED,543985,ZAGGLE,Information Technology,Information Technology
501455,Greaves Cotton Ltd.,501455,GREAVESCOT,Industrials,Capital Goods
523630,National Fertilizers Ltd.,523630,NFL,Commodities,Chemicals
544550,Pace Digitek Limited,544550,PACEDIGITK,Telecommunication,Telecommunication
530135,Optiemus Infracom Limited,530135,OPTIEMUS,Telecommunication,Telecommunication
532406,Avantel Limited,532406,AVANTEL,Industrials,Capital Goods
501421,TechNVision Ventures Limited,501421,TECHNVISN,Information Technology,Information Technology
520057,JTEKT India Limited,520057,JTEKTINDIA,Consumer Discretionary,Automobile and Auto Components
543273,Knowledge Marine & Engineering Works Limited,543273,KMEW,Services,Services
505872,WPIL Ltd,505872,WPIL,Industrials,Capital Goods
544454,INDIQUBE SPACES LIMITED,544454,INDIQUBE,Services,Services
523398,BOSCH HOME COMFORT INDIA LIMITED,523398,BOSCH-HCIL,Consumer Discretionary,Consumer Durables
530001,Gujarat Alkalis & Chemicals Ltd.,530001,GUJALKALI,Commodities,Chemicals
506879,Gujarat Themis Biosyn Ltd.,506879,GUJTHEM,Healthcare,Healthcare
533676,Indo Thai Securities Limited,533676,INDOTHAI,Financial Services,Financial Services
532626,Pondy Oxides & Chemicals Limited,532626,POCL,Commodities,Metals & Mining
532156,Vaibhav Global Ltd,532156,VAIBHAVGBL,Consumer Discretionary,Consumer Durables
530239,Suven Life Sciences Ltd.,530239,SUVEN,Healthcare,Healthcare
544455,GNG Electronics Limited,544455,EBGNG,Information Technology,Information Technology
541301,Orient Electric Limited,541301,ORIENTELEC,Consumer Discretionary,Consumer Durables
543242,Hemisphere Properties India Limited,543242,HEMIPROP,Services,Services
543971,Bondada Engineering Limited,543971,,Telecommunication,Telecommunication
500292,HeidelbergCement  India Limited,500292,HEIDELBERG,Commodities,Construction Materials
532407,MOSCHIP TECHNOLOGIES LIMITED,532407,MOSCHIP,Information Technology,Information Technology
544140,Gopal Snacks Limited,544140,GOPAL,Fast Moving Consumer Goods,Fast Moving Consumer Goods
542919,Artemis Medicare Services Limited,542919,ARTEMISMED,Healthcare,Healthcare
543984,Samhi Hotels Limited,543984,SAMHI,Consumer Discretionary,Consumer Services
543228,Route Mobile Limited,543228,ROUTE,Telecommunication,Telecommunication
539837,RAGHAV PRODUCTIVITY ENHANCERS LIMITED,539837,RPEL,Industrials,Capital Goods
530655,Goodluck India Limited,530655,GOODLUCK,Industrials,Capital Goods
542866,COLAB PLATFORMS LIMITED,542866,,Financial Services,Financial Services
543248,Restaurant Brands Asia Limited,543248,RBA,Consumer Discretionary,Consumer Services
544319,SENORES PHARMACEUTICALS LIMITED,544319,SENORES,Healthcare,Healthcare
530999,Balaji Amines Ltd.,530999,BALAMINES,Commodities,Chemicals
517544,Centum Electronics Ltd,517544,CENTUM,Industrials,Capital Goods
526951,Stylam Industries Limited,526951,STYLAMIND,Consumer Discretionary,Consumer Durables
519552,Heritage Foods Limited,519552,HERITGFOOD,Fast Moving Consumer Goods,Fast Moving Consumer Goods
514440,Blue Pearl Agriventures Limited,514440,,Commodities,Chemicals
544314,Sanathan Textiles Limited,544314,SANATHAN,Consumer Discretionary,Textiles
544530,ANAND RATHI SHARE AND STOCK BROKERS LIMITED,544530,ARSSBL,Financial Services,Financial Services
517498,Websol Energy System Limited,517498,WEBELSOLAR,Industrials,Capital Goods
521248,Kitex Garmenets Ltd.,521248,KITEX,Consumer Discretionary,Textiles
544720,Omnitech Engineering Limited,544720,OMNI,Industrials,Capital Goods
533262,Ramky Infrastructure Limited,533262,RAMKY,Industrials,Construction
524709,NACL Industries Limited,524709,NACLIND,Commodities,Chemicals
506222,Styrenix Performance Materials Limited,506222,STYRENIX,Commodities,Chemicals
524348,Aarti Drugs Limited,524348,AARTIDRUGS,Healthcare,Healthcare
532884,Refex Industries Limited,532884,REFEX,Utilities,Utilities
519477,CIAN Agro Industries & Infrastructure Limited,519477,,Fast Moving Consumer Goods,Fast Moving Consumer Goods
544545,TRUALT BIOENERGY LIMITED,544545,TRUALT,Fast Moving Consumer Goods,Fast Moving Consumer Goods
544232,Interarch Building Solutions Limited,544232,INTERARCH,Industrials,Construction
539042,AGI Infra Limited,539042,AGIIL,Consumer Discretionary,Realty
522034,Shanthi Gears Ltd.,522034,SHANTIGEAR,Industrials,Capital Goods
540768,Mahindra Logistics Limited,540768,MAHLOG,Services,Services
500150,Foseco India Ltd,500150,FOSECOIND,Commodities,Chemicals
524372,Orchid Pharma Limited,524372,ORCHPHARMA,Healthcare,Healthcare
532029,Sindhu Trade Links Limited,532029,SINDHUTRAD,Energy,"Oil, Gas & Consumable Fuels"
516072,Vishnu Chemicals Limited,516072,VISHNU,Commodities,Chemicals
532983,RPG Life Sciences Limited,532983,RPGLIFE,Healthcare,Healthcare
519156,Vadilal Industries Ltd.,519156,VADILALIND,Fast Moving Consumer Goods,Fast Moving Consumer Goods
543600,Harsha Engineers International Limited,543600,HARSHA,Industrials,Capital Goods
543325,Rolex Rings Limited,543325,ROLEXRINGS,Consumer Discretionary,Automobile and Auto Components
542665,Neogen Chemicals Limited,542665,NEOGEN,Commodities,Chemicals
541336,IndoStar Capital Finance Limited,541336,INDOSTAR,Financial Services,Financial Services
532799,Hubtown Limited,532799,HUBTOWN,Consumer Discretionary,Realty
540025,Advanced Enzyme Technologies Limited,540025,ADVENZYMES,Healthcare,Healthcare
500148,Uflex Limited,500148,UFLEX,Industrials,Capital Goods
503101,Marathon Nextgen Realty Ltd,503101,MARATHON,Consumer Discretionary,Realty
538268,Wonderla Holidays Limited,538268,WONDERLA,Consumer Discretionary,Consumer Services
500243,Kirloskar Industries Ltd,500243,KIRLOSIND,Industrials,Capital Goods
544290,ENVIRO INFRA ENGINEERS LIMITED,544290,EIEL,Utilities,Utilities
540725,Share India Securities Limited,540725,SHAREINDIA,Financial Services,Financial Services
532900,PAISALO DIGITAL LIMITED,532900,PAISALO,Financial Services,Financial Services
542597,MSTC Limited,542597,MSTCLTD,Services,Services
535754,ORIENT CEMENT LIMITED,535754,ORIENTCEM,Commodities,Construction Materials
540701,Dishman Carbogen Amcis Limited,540701,DCAL,Healthcare,Healthcare
539542,LUX Industries Limited,539542,LUXIND,Consumer Discretionary,Textiles
532924,Kolte-Patil Developers Ltd,532924,KOLTEPATIL,Consumer Discretionary,Realty
505710,Grauer & Weil (India) Ltd.,505710,GRAUWEIL,Commodities,Chemicals
543212,Borosil Limited,543212,BOROLTD,Consumer Discretionary,Consumer Durables
544030,Flair Writing Industries Limited,544030,FLAIR,Fast Moving Consumer Goods,Fast Moving Consumer Goods
539889,Parag Milk Foods Limited,539889,PARAGMILK,Fast Moving Consumer Goods,Fast Moving Consumer Goods
532815,SMS Pharmaceuticals Ltd,532815,SMSPHARMA,Healthcare,Healthcare
508989,Navneet Education Limited,508989,NAVNETEDUL,Fast Moving Consumer Goods,Fast Moving Consumer Goods
500414,Timex Group India Ltd,500414,TIMEX,Consumer Discretionary,Consumer Durables
500235,Kalyani Steels Ltd,500235,KSL,Industrials,Capital Goods
500285,SpiceJet Limited,500285,SPICEJET,Services,Services
530943,Aqylon Nexus Limited,530943,AQYLON,Consumer Discretionary,"Media, Entertainment & Publication"
513262,Steel Strips & Wheels Ltd,513262,SSWL,Consumer Discretionary,Automobile and Auto Components
513519,PITTI ENGINEERING LIMITED,513519,PITTIENG,Industrials,Capital Goods
540544,PSP Projects Limited,540544,PSPPROJECT,Industrials,Construction
509079,Gufic BioSciences Ltd.,509079,GUFICBIO,Healthcare,Healthcare
532256,Nalwa Sons Investment Ltd,532256,NSIL,Financial Services,Financial Services
541163,Sandhar Technologies Limited,541163,SANDHAR,Consumer Discretionary,Automobile and Auto Components
526650,Tourism Finance Corpn. Of India Ltd,526650,TFCILTD,Financial Services,Financial Services
532440,MPS Limited,532440,MPSLTD,Consumer Discretionary,"Media, Entertainment & Publication"
513349,Ajmera Realty & Infra India Limited,513349,AJMERA,Consumer Discretionary,Realty
544355,Jubilant Agri and Consumer Products Limited,544355,JUBLCPL,Commodities,Chemicals
509243,TVS Srichakra Ltd.,509243,TVSSRICHAK,Consumer Discretionary,Automobile and Auto Components
544420,Raymond Realty Limited,544420,RAYMONDREL,Consumer Discretionary,Realty
542727,CITY PULSE MULTIVENTURES LIMITED,542727,,Consumer Discretionary,Consumer Services
526881,63 Moons Technologies Limited,526881,63MOONS,Information Technology,Information Technology
513269,Man Industries (India) Ltd,513269,MANINDS,Industrials,Capital Goods
523716,Ashiana Housing Limited,523716,ASHIANA,Consumer Discretionary,Realty
526807,Seamec Ltd,526807,SEAMECLTD,Services,Services
512008,EFC (I) LIMITED,512008,EFCIL,Services,Services
523319,Balmer Lawrie & Co. Ltd.,523319,BALMLAWRIE,Diversified,Diversified
526797,Greenply Industries Ltd,526797,GREENPLY,Consumer Discretionary,Consumer Durables
539978,Quess Corp Limited,539978,QUESS,Services,Services
543321,Tatva Chintan Pharma Chem Limited,543321,TATVA,Commodities,Chemicals
544088,Medi Assist Healthcare Services Limited,544088,MEDIASSIST,Financial Services,Financial Services
503960,Bharat Bijlee Ltd.,503960,BBL,Industrials,Capital Goods
526125,BN AGROCHEM LIMITED,526125,BNAGROCHEM,Services,Services
532732,Kewal Kiran Clothing Ltd.,532732,KKCL,Consumer Discretionary,Textiles
544055,Muthoot Microfin Limited,544055,MUTHOOTMF,Financial Services,Financial Services
543933,Cyient DLM Limited,543933,CYIENTDLM,Industrials,Capital Goods
522281,Ram Ratna Wires Ltd.,522281,RAMRAT,Industrials,Capital Goods
544320,CARRARO INDIA LIMITED,544320,CARRARO,Consumer Discretionary,Automobile and Auto Components
543542,KESAR INDIA LIMITED,543542,,Consumer Discretionary,Realty
544430,SAMBHV STEEL TUBES LIMITED,544430,SAMBHV,Industrials,Capital Goods
544161,D P ABHUSHAN LIMITED,544161,DPABHUSHAN,Consumer Discretionary,Consumer Durables
543213,ROSSARI BIOTECH LIMITED,543213,ROSSARI,Commodities,Chemicals
531449,GRM Overseas Ltd.,531449,GRMOVER,Fast Moving Consumer Goods,Fast Moving Consumer Goods
504882,National Standard (India) Limited,504882,NATIONSTD,Consumer Discretionary,Realty
544181,Awfis Space Solutions Limited,544181,AWFIS,Services,Services
532967,KIRI INDUSTRIES LIMITED,532967,KIRIINDUS,Commodities,Chemicals
543489,Gateway Distriparks Limited,543489,GATEWAY,Services,Services
532054,KDDL Ltd,532054,KDDL,Consumer Discretionary,Consumer Durables
531719,Bhagiradha Chemicals and Industries,531719,BHAGCHEM,Commodities,Chemicals
544066,SUNDARAM-CLAYTON LIMITED,544066,SUNCLAY,Consumer Discretionary,Automobile and Auto Components
544699,Aye Finance Limited,544699,AYE,Financial Services,Financial Services
542907,Prince Pipes and Fittings Limited,542907,PRINCEPIPE,Industrials,Capital Goods
533104,Globus Spirits Limited,533104,GLOBUSSPR,Fast Moving Consumer Goods,Fast Moving Consumer Goods
524743,FISCHER MEDICAL VENTURES LIMITED,524743,FISCHER,Healthcare,Healthcare
544664,KSH INTERNATIONAL LIMITED,544664,KSHINTL,Industrials,Capital Goods
500330,Raymond Limited,500330,RAYMOND,Industrials,Capital Goods
544519,EURO PRATIK SALES LIMITED,544519,EUROPRATIK,Consumer Discretionary,Consumer Durables
543547,DDEV PLASTIKS INDUSTRIES LIMITED,543547,DDEVPLSTIK,Commodities,Chemicals
500444,West Coast Paper Mills Limited,500444,WSTCSTPAPR,Commodities,Forest Materials
531120,Patel Engineering Ltd,531120,PATELENG,Industrials,Construction
506690,Unichem Laboratories Ltd.,506690,UNICHEMLAB,Healthcare,Healthcare
505010,Automotive Axles Ltd.,505010,AUTOAXLES,Consumer Discretionary,Automobile and Auto Components
543620,INSOLATION ENERGY LIMITED,543620,INA,Utilities,Power
544333,STANDARD ENGINEERING TECHNOLOGY LIMITED,544333,SETL,Industrials,Capital Goods
522101,Kilburn Engineering Ltd,522101,KLBRENG-B,Industrials,Capital Goods
543652,FUSION FINANCE LIMITED,543652,FUSION,Financial Services,Financial Services
543972,Aeroflex Industries Limited,543972,AEROFLEX,Industrials,Capital Goods
532834,Camlin Fine Sciences Ltd,532834,CAMLINFINE,Commodities,Chemicals
542857,Greenpanel Industries Limited,542857,GREENPANEL,Consumer Discretionary,Consumer Durables
531543,Jindal Worldwide Ltd.,531543,JINDWORLD,Consumer Discretionary,Textiles
544525,GK ENERGY LIMITED,544525,GKENERGY,Industrials,Construction
532486,Pokarna Ltd.,532486,POKARNA,Consumer Discretionary,Consumer Durables
503811,Siyaram Silk Mills Ltd.,503811,SIYSIL,Consumer Discretionary,Textiles
544396,Network People Services Technologies Limited,544396,NPST,Financial Services,Financial Services
526247,Premier Explosives Ltd.,526247,PREMEXPLN,Commodities,Chemicals
533333,Fineotex Chemical Limited,533333,FCL,Commodities,Chemicals
504212,Universal Cables Ltd.,504212,UNIVCABLES,Industrials,Capital Goods
539921,Shanti Educational Initiatives Limited,539921,SEIL,Consumer Discretionary,Consumer Services
500219,Jain Irrigation Systems Ltd.,500219,JISLJALEQS,Industrials,Capital Goods
543272,Easy Trip Planners Limited,543272,EASEMYTRIP,Consumer Discretionary,Consumer Services
543288,Deep Industries Limited,543288,DEEPINDS,Energy,"Oil, Gas & Consumable Fuels"
544111,Apeejay Surrendra Park Hotels Limited,544111,PARKHOTELS,Consumer Discretionary,Consumer Services
522215,HLE GLASCOAT LIMITED,522215,HLEGLAS,Industrials,Capital Goods
544294,Rossell Techsys Limited,544294,ROSSTECH,Industrials,Capital Goods
544021,Protean eGov Technologies Limited,544021,PROTEAN,Information Technology,Information Technology
539895,SPICE LOUNGE FOOD WORKS LIMITED,539895,,Consumer Discretionary,Consumer Services
539056,IMAGICAAWORLD ENTERTAINMENT LIMITED,539056,IMAGICAA,Consumer Discretionary,Consumer Services
504341,RAVINDRA ENERGY LIMITED,504341,RELTD,Industrials,Capital Goods
524051,Polyplex Corporation Ltd.,524051,POLYPLEX,Industrials,Capital Goods
523618,Dredging Corporation of India Ltd.,523618,DREDGECORP,Services,Services
530073,Sanghvi Movers Ltd.,530073,SANGHVIMOV,Services,Services
543686,Sirca Paints India Limited,543686,SIRCA,Consumer Discretionary,Consumer Durables
513097,Shivalik Bimetal Controls Ltd.,513097,SBCL,Industrials,Capital Goods
539301,Arvind SmartSpaces Limited,539301,ARVSMART,Consumer Discretionary,Realty
530367,NRB Bearings Ltd.,530367,NRBBEARING,Consumer Discretionary,Automobile and Auto Components
509732,Kothari Industrial Corpn. Ltd.,509732,KOTIC,Consumer Discretionary,Consumer Durables
500730,NOCIL Ltd,500730,NOCIL,Commodities,Chemicals
544402,JASH ENGINEERING LIMITED,544402,JASH,Industrials,Capital Goods
532369,Ramco Industries Ltd,532369,RAMCOIND,Commodities,Construction Materials
513228,Pennar Industries Ltd.,513228,PENIND,Industrials,Capital Goods
532309,GE Power India Limited,532309,GVPIL,Industrials,Capital Goods
502090,Sagar Cements Ltd,502090,SAGCEM,Commodities,Construction Materials
500227,Jindal Poly Films Ltd.,500227,JINDALPOLY,Industrials,Capital Goods
523301,TCPL Packaging Limited,523301,TCPLPACK,Industrials,Capital Goods
517467,MARSONS LIMITED,517467,MARSONS,Industrials,Capital Goods
534392,Vardhman Special Steels Ltd,534392,VSSL,Industrials,Capital Goods
543942,UTKARSH SMALL FINANCE BANK LIMITED,543942,UTKARSHBNK,Financial Services,Financial Services
500020,Bombay Dyeing & Mfg. Co. Ltd.,500020,BOMDYEING,Consumer Discretionary,Textiles
504036,Hind Rectifiers Ltd.,504036,HIRECT,Industrials,Capital Goods
500097,Dalmia Bharat Sugar and Industries Ltd,500097,DALMIASUG,Fast Moving Consumer Goods,Fast Moving Consumer Goods
500215,SUNDROP BRANDS LIMITED,500215,SUNDROP,Fast Moving Consumer Goods,Fast Moving Consumer Goods
544457,Brigade Hotel Ventures Limited,544457,BRIGHOTEL,Consumer Discretionary,Consumer Services
542333,RPSG VENTURES LIMITED,542333,RPSGVENT,Services,Services
524735,Hikal Ltd.,524735,HIKAL,Healthcare,Healthcare
524091,CARYSIL LIMITED,524091,CARYSIL,Consumer Discretionary,Consumer Durables
540724,Prataap Snacks Limited,540724,DIAMONDYD,Fast Moving Consumer Goods,Fast Moving Consumer Goods
500032,Bajaj Hindusthan Sugar Limited,500032,BAJAJHIND,Fast Moving Consumer Goods,Fast Moving Consumer Goods
500412,Thirumalai Chemicals Ltd.,500412,TIRUMALCHM,Commodities,Chemicals
535322,Repco Home Finance Limited,535322,REPCOHOME,Financial Services,Financial Services
544095,EPACK Durable Limited,544095,EPACK,Consumer Discretionary,Consumer Durables
500191,HMT Limited,500191,HMT,Industrials,Capital Goods
505744,Federal-Mogul Goetze (India) Ltd,505744,FMGOETZE,Consumer Discretionary,Automobile and Auto Components
524667,Savita Oil Technologies Limited,524667,SOTL,Energy,"Oil, Gas & Consumable Fuels"
532930,BGR ENERGY SYSTEMS LIMITED,532930,BGRENERGY,Industrials,Construction
500147,JOHN COCKERILL INDIA LIMITED,500147,COCKERILL,Industrials,Capital Goods
500365,WELSPUN SPECIALTY SOLUTIONS LIMITED,500365,WELSPLSOL,Industrials,Capital Goods
534600,JTL INDUSTRIES LIMITED,534600,JTLIND,Industrials,Capital Goods
526783,Dr.Agarwals Eye Hospital Ltd.,526783,DRAGARWQ,Healthcare,Healthcare
506235,Alembic  Ltd,506235,ALEMBICLTD,Consumer Discretionary,Realty
544379,Prabha Energy Limited,544379,PRABHA,Energy,"Oil, Gas & Consumable Fuels"
544261,ARKADE DEVELOPERS LIMITED,544261,ARKADE,Consumer Discretionary,Realty
544119,Rashi Peripherals Limited,544119,RPTECH,Information Technology,Information Technology
543619,Concord Control Systems Limited,543619,,Industrials,Capital Goods
543528,Venus Pipes & Tubes Limited,543528,VENUSPIPES,Industrials,Capital Goods
506022,Prakash Industries Ltd.,506022,PRAKASH,Commodities,Metals & Mining
539658,TeamLease Services Limited,539658,TEAMLEASE,Services,Services
524164,IOL Chemicals & Pharmaceuticals Ltd,524164,IOLCP,Healthcare,Healthcare
507488,G.M. Breweries Ltd.,507488,GMBREW,Fast Moving Consumer Goods,Fast Moving Consumer Goods
503681,Elcid Investments Ltd.,503681,ELCIDIN,Financial Services,Financial Services
531508,Eveready Industries India Ltd.,531508,EVEREADY,Fast Moving Consumer Goods,Fast Moving Consumer Goods
514167,Ganesha Ecosphere Limited,514167,GANECOS,Consumer Discretionary,Textiles
540136,HPL Electric & Power Limited,540136,HPL,Industrials,Capital Goods
524394,Vimta Labs Ltd.,524394,VIMTALABS,Healthcare,Healthcare
544540,Epack Prefab Technologies Limited,544540,EPACKPEB,Industrials,Capital Goods
511551,Monarch Networth Capital Limited,511551,MONARCH,Financial Services,Financial Services
517300,Gujarat Industries Power Co. Ltd,517300,GIPCL,Utilities,Power
513517,Steelcast Ltd.,513517,STEELCAS,Industrials,Capital Goods
532390,Taj GVK Hotels & Resorts Ltd.,532390,TAJGVK,Consumer Discretionary,Consumer Services
531209,Nucleus Software Exports Ltd,531209,NUCLEUS,Information Technology,Information Technology
539199,SG FINSERVE LIMITED,539199,SGFIN,Financial Services,Financial Services
514234,Sangam (India) Ltd,514234,SANGAMIND,Consumer Discretionary,Textiles
522249,Mayur Uniquoters ltd.,522249,MAYURUNIQ,Consumer Discretionary,Consumer Durables
522064,HONDA INDIA POWER PRODUCTS LIMITED,522064,HONDAPOWER,Industrials,Capital Goods
543992,YATRA ONLINE LIMITED,543992,YATRA,Consumer Discretionary,Consumer Services
522029,Windsor Machines Limited,522029,WINDMACHIN,Industrials,Capital Goods
500306,Jaykay Enterprises Limited,500306,JAYKAY,Industrials,Capital Goods
544517,Shankara Buildpro Limited,544517,BUILDPRO,Consumer Discretionary,Consumer Services
519183,ADF Foods Limited.,519183,ADFFOODS,Fast Moving Consumer Goods,Fast Moving Consumer Goods
544243,Baazar Style Retail Limited,544243,STYLEBAAZA,Consumer Discretionary,Consumer Services
543328,Krsnaa Diagnostics Limited,543328,KRSNAA,Healthcare,Healthcare
500288,Morepen Laboratories Ltd.,500288,MOREPENLAB,Healthcare,Healthcare
517522,Rajratan Global Wire Ltd,517522,RAJRATAN,Consumer Discretionary,Automobile and Auto Components
539686,K.P. Energy Limited,539686,KPEL,Utilities,Power
526947,La Opala RG Ltd.,526947,LAOPALA,Consumer Discretionary,Consumer Durables
500052,Bhansali Engineering Polymers Ltd.,500052,BEPL,Commodities,Chemicals
531349,Panacea Biotec Ltd.,531349,PANACEABIO,Healthcare,Healthcare
502157,Mangalam Cement Ltd.,502157,MANGLMCEM,Commodities,Construction Materials
533267,CANTABIL RETAIL INDIA LIMITED,533267,CANTABIL,Consumer Discretionary,Textiles
539450,S H Kelkar and Company Limited,539450,SHK,Commodities,Chemicals
544496,Vikran Engineering Limited,544496,VIKRAN,Industrials,Construction
532368,BRIGHTCOM GROUP LIMITED,532368,BCG,Information Technology,Information Technology
543689,Uniparts India Limited,543689,UNIPARTS,Consumer Discretionary,Automobile and Auto Components
532661,Rane (Madras)  Ltd.,532661,RML,Consumer Discretionary,Automobile and Auto Components
500672,Novartis India Limited.,500672,NOVARTIND,Healthcare,Healthcare
512068,Deccan Gold Mines Ltd.,512068,DECNGOLD,Commodities,Metals & Mining
543401,Go Fashion (India) Limited,543401,GOCOLORS,Consumer Discretionary,Consumer Services
544142,Shipping Corporation of India Land and Assets Limited,544142,SCILAL,Financial Services,Financial Services
538920,VINTAGE COFFEE AND BEVERAGES LIMITED,538920,VINCOFE,Fast Moving Consumer Goods,Fast Moving Consumer Goods
542905,Hindware Home Innovation Limited,542905,HINDWAREAP,Consumer Discretionary,Consumer Durables
540212,TCI Express Limited,540212,TCIEXP,Services,Services
512237,Jai Corp Limited,512237,JAICORPLTD,Industrials,Capital Goods
532430,BF Utilities Ltd.,532430,BFUTILITIE,Services,Services
526227,Filatex India Ltd.,526227,FILATEX,Consumer Discretionary,Textiles
505504,GHV INFRA PROJECTS LIMITED,505504,,Industrials,Construction
533302,Kalyani Investment Company Limited,533302,KICL,Financial Services,Financial Services
540710,Capacit'e Infraprojects Limited,540710,CAPACITE,Industrials,Construction
544512,SHRINGAR HOUSE OF MANGALSUTRA LIMITED,544512,SHRINGARMS,Consumer Discretionary,Consumer Durables
544150,KP GREEN ENGINEERING LIMITED,544150,,Industrials,Capital Goods
500108,Mahanagar Telephone Nigam Ltd.,500108,MTNL,Telecommunication,Telecommunication
534535,STRING METAVERSE LIMITED,534535,,Information Technology,Information Technology
543983,EMS LIMITED,543983,EMSLIMITED,Utilities,Utilities
523127,EIH Associated Hotels Ltd.,523127,EIHAHOTELS,Consumer Discretionary,Consumer Services
533344,PTC India Financial Services Limited,533344,PFS,Financial Services,Financial Services
533162,Hathway Cable & Datacom Limited,533162,HATHWAY,Consumer Discretionary,"Media, Entertainment & Publication"
506197,Bliss GVS Pharma Limited,506197,BLISSGVS,Healthcare,Healthcare
523385,Nilkamal Limited,523385,NILKAMAL,Consumer Discretionary,Consumer Durables
532612,Indoco Remedies Ltd.,532612,INDOCO,Healthcare,Healthcare
544224,Afcom Holdings Limited,544224,,Services,Services
544532,Solarworld Energy Solutions Limited,544532,SOLARWORLD,Industrials,Construction
544599,Studds Accessories Limited,544599,STUDDS,Consumer Discretionary,Automobile and Auto Components
543650,DCX Systems Limited,543650,DCXINDIA,Industrials,Capital Goods
533520,Indiabulls Limited,533520,IBULLSLTD,Services,Services
544386,Spectrum Electrical Industries Limited,544386,SPECTRUM,Industrials,Capital Goods
501945,Dhenu Buildcon Infra Limited,501945,,Financial Services,Financial Services
544742,Sai Parenteral's Limited,544742,SAIPARENT,Healthcare,Healthcare
523606,Sika Interplant Systems Ltd.,523606,SIKA,Industrials,Capital Goods
523261,Venky's (India) ltd.,523261,VENKEYS,Fast Moving Consumer Goods,Fast Moving Consumer Goods
543590,Rhetan TMT Limited,543590,RHETAN,Industrials,Capital Goods
543812,DIVGI TORQTRANSFER SYSTEMS LIMITED,543812,DIVGIITTS,Consumer Discretionary,Automobile and Auto Components
533644,Ujaas Energy Limited,533644,UEL,Utilities,Power
544470,M & B ENGINEERING LIMITED,544470,MBEL,Industrials,Construction
532859,Hinduja Global Solutions Limited,532859,HGS,Services,Services
533306,SUMMIT SECURITIES LTD.,533306,SUMMITSEC,Financial Services,Financial Services
532698,Nitin Spinners Ltd.,532698,NITINSPIN,Consumer Discretionary,Textiles
543989,Sai Silks (Kalamandir) Limited,543989,KALAMANDIR,Consumer Discretionary,Consumer Services
532722,Nitco Ltd.,532722,NITCO,Consumer Discretionary,Consumer Durables
532408,SIGMA ADVANCED SYSTEMS LIMITED,532408,SIGMAADV,Industrials,Capital Goods
500333,Pix Transmissions Ltd.,500333,PIXTRANS,Industrials,Capital Goods
516038,KS Smart Technologies Limited,516038,,Information Technology,Information Technology
522241,M.M.Forgings Ltd.,522241,MMFL,Consumer Discretionary,Automobile and Auto Components
519091,Tasty Bite Eatables Ltd.,519091,TASTYBITE,Fast Moving Consumer Goods,Fast Moving Consumer Goods
544042,Bajel Projects Limited,544042,BAJEL,Industrials,Capital Goods
543932,IDEAFORGE TECHNOLOGY LIMITED,543932,IDEAFORGE,Industrials,Capital Goods
542774,MUFIN GREEN FINANCE LIMITED,542774,MUFIN,Financial Services,Financial Services
532663,Sasken Technologies Limited,532663,SASKEN,Information Technology,Information Technology
500186,Hindustan Oil Exploration Co. Ltd.,500186,HINDOILEXP,Energy,"Oil, Gas & Consumable Fuels"
523694,Apcotex Industries Limited,523694,APCOTEXIND,Industrials,Capital Goods
532686,Kernex Microsystems (India) Ltd.,532686,KERNEX,Services,Services
504741,Indian Hume Pipe Co. Ltd.,504741,INDIANHUME,Industrials,Construction
540797,Shalby Limited,540797,SHALBY,Healthcare,Healthcare
533080,Mold-Tek Packaging Limited,533080,MOLDTKPAC,Industrials,Capital Goods
523862,GRAND OAK CANYONS DISTILLERY LIMITED,523862,GRANDOAK,Financial Services,Financial Services
532851,Insecticides India Ltd.,532851,INSECTICID,Commodities,Chemicals
532285,Geojit Financial Services Limited,532285,GEOJITFSL,Financial Services,Financial Services
500168,Goodyear India Ltd.,500168,GOODYEAR,Consumer Discretionary,Automobile and Auto Components
532370,Ramco Systems Ltd,532370,RAMCOSYS,Information Technology,Information Technology
500460,Mukand Ltd.,500460,MUKANDLTD,Industrials,Capital Goods
532650,MSP STEEL & POWER LTD.,532650,MSPL,Industrials,Capital Goods
533257,INDOSOLAR LIMITED,533257,WAAREEINDO,Industrials,Capital Goods
544456,R M DRIP AND SPRINKLERS SYSTEMS LIMITED,544456,RMDRIP,Industrials,Capital Goods
543449,WONDER ELECTRICALS LIMITED,543449,WEL,Consumer Discretionary,Consumer Durables
532268,ACCELYA SOLUTIONS INDIA LIMITED,532268,ACCELYA,Information Technology,Information Technology
543714,LANDMARK CARS LIMITED,543714,LANDMARK,Consumer Discretionary,Automobile and Auto Components
512038,TCC CONCEPT LIMITED,512038,TCC,Consumer Discretionary,Consumer Services
541540,SOLARA ACTIVE PHARMA SCIENCES LIMITED,541540,SOLARA,Healthcare,Healthcare
543311,India Pesticides Limited,543311,IPL,Commodities,Chemicals
500314,Oriental Hotels Ltd.,500314,ORIENTHOT,Consumer Discretionary,Consumer Services
506373,Citurgia Biochemicals Ltd.,506373,,Commodities,Chemicals
507514,Som Distilleries & Breweries Ltd.,507514,SDBL,Fast Moving Consumer Goods,Fast Moving Consumer Goods
504092,Indokem Ltd,504092,,Commodities,Chemicals
538734,CEINSYS TECH LIMITED,538734,CEINSYS,Information Technology,Information Technology
524632,Shukra Pharmaceuticals Limited,524632,,Healthcare,Healthcare
544291,RAJESH POWER SERVICES LIMITED ,544291,,Utilities,Utilities
543214,NDR Auto Components Limited,543214,NDRAUTO,Consumer Discretionary,Automobile and Auto Components
544733,GSP CROP SCIENCE LIMITED,544733,GSPCROP,Commodities,Chemicals
523838,Simplex Infrastructures Limited,523838,SIMPLEXINF,Industrials,Construction
511742,UGRO CAPITAL LIMITED,511742,UGROCAP,Financial Services,Financial Services
505800,Rane Holdings Ltd.,505800,RANEHOLDIN,Financial Services,Financial Services
543260,STOVE KRAFT LIMITED,543260,STOVEKRAFT,Consumer Discretionary,Consumer Durables
532240,India Nippon Electricals Ltd,532240,INDNIPPON,Consumer Discretionary,Automobile and Auto Components
540048,S.P. Apparels Limited,540048,SPAL,Consumer Discretionary,Textiles
530075,Antelopus Selan Energy Limited,530075,ANTELOPUS,Energy,"Oil, Gas & Consumable Fuels"
543386,Fino Payments Bank Limited,543386,FINOPB,Financial Services,Financial Services
543953,Khazanchi Jewellers Limited,543953,,Consumer Discretionary,Consumer Durables
543411,HI-TECH PIPES LIMITED,543411,HITECH,Industrials,Capital Goods
508814,Cosmo First Limited,508814,COSMOFIRST,Industrials,Capital Goods
539682,Mobavenue AI Tech Limited,539682,,Information Technology,Information Technology
543514,Veranda Learning Solutions Limited,543514,VERANDA,Consumer Discretionary,Consumer Services
543230,ADVAIT ENERGY TRANSITIONS LIMITED,543230,ADVAIT,Industrials,Capital Goods
517041,Ador Welding Ltd.,517041,ADOR,Industrials,Capital Goods
500068,Disa India Ltd.,500068,DISAQ,Industrials,Capital Goods
541403,Dollar Industries Limited,541403,DOLLAR,Consumer Discretionary,Textiles
541167,YASHO INDUSTRIES LIMITED,541167,YASHO,Commodities,Chemicals
532848,Delta Corp Limited,532848,DELTACORP,Consumer Discretionary,Consumer Services
544198,DEE DEVELOPMENT ENGINEERS LIMITED,544198,DEEDEV,Industrials,Capital Goods
542759,Spandana Sphoorty Financial Limited,542759,SPANDANA,Financial Services,Financial Services
543644,InfoBeans Technologies Limited,543644,INFOBEAN,Information Technology,Information Technology
538891,MAGELLANIC CLOUD LIMITED,538891,MCLOUD,Information Technology,Information Technology
544271,Garuda Construction and Engineering Limited,544271,GARUDA,Industrials,Construction
524820,Panama Petrochem Ltd.,524820,PANAMAPET,Energy,"Oil, Gas & Consumable Fuels"
544413,Digitide Solutions Limited,544413,DIGITIDE,Information Technology,Information Technology
544305,One Mobikwik Systems Limited,544305,MOBIKWIK,Financial Services,Financial Services
543329,Windlas Biotech Limited,543329,WINDLAS,Healthcare,Healthcare
531548,Somany Ceramics Limited,531548,SOMANYCERA,Consumer Discretionary,Consumer Durables
539404,SATIN CREDITCARE NETWORK LIMITED,539404,SATIN,Financial Services,Financial Services
507526,Associated Alcohols & Breweries Ltd,507526,ASALCBR,Fast Moving Consumer Goods,Fast Moving Consumer Goods
522195,Frontier Springs Ltd.,522195,FRONTSP,Consumer Discretionary,Automobile and Auto Components
505725,ALGOQUANT FINTECH LIMITED,505725,ALGOQUANT,Financial Services,Financial Services
505160,Talbros Automotive Components Ltd.,505160,TALBROAUTO,Consumer Discretionary,Automobile and Auto Components
543711,Sula Vineyards Limited,543711,SULA,Fast Moving Consumer Goods,Fast Moving Consumer Goods
532717,Indo Tech Transformers Limited,532717,INDOTECH,Industrials,Capital Goods
532888,ASIAN GRANITO INDIA LIMITED,532888,ASIANTILES,Consumer Discretionary,Consumer Durables
544107,BLS E-Services Limited,544107,BLSE,Information Technology,Information Technology
522261,Dolphin Offshore Enterprises (India) ltd.,522261,DOLPHIN,Energy,"Oil, Gas & Consumable Fuels"
505196,TIL Ltd.,505196,TIL,Industrials,Capital Goods
531179,Arman Financial Services Limited,531179,ARMANFIN,Financial Services,Financial Services
544217,SANSTAR LIMITED,544217,SANSTAR,Fast Moving Consumer Goods,Fast Moving Consumer Goods
544479,ALL TIME PLASTICS LIMITED,544479,ALLTIME,Consumer Discretionary,Consumer Durables
531717,Vidhi Specialty Food Ingredients Limited,531717,VIDHIING,Commodities,Chemicals
532485,Balmer Lawrie Investments Ltd.,532485,BLIL,Financial Services,Financial Services
544342,Stallion India Fluorochemicals Limited,544342,STALLION,Commodities,Chemicals
504112,Nelco Ltd,504112,NELCO,Information Technology,Information Technology
540124,G N A Axles Limited,540124,GNA,Consumer Discretionary,Automobile and Auto Components
520008,RICO Auto Industries Ltd.,520008,RICOAUTO,Consumer Discretionary,Automobile and Auto Components
502450,Seshasayee Paper & Boards Ltd.,502450,SESHAPAPER,Commodities,Forest Materials
543977,Rishabh Instruments Limited,543977,RISHABH,Industrials,Capital Goods
535136,NIBE LIMITED,535136,NIBE,Industrials,Capital Goods
514211,Sumeet Industries Ltd,514211,SUMEETINDS,Consumer Discretionary,Textiles
500117,DCW Ltd.,500117,DCW,Commodities,Chemicals
513307,BELDING INDIA LIMITED,513307,,Industrials,Capital Goods
540795,Dynamic Cables Limited,540795,DYCL,Industrials,Capital Goods
543263,SMC Global Securities Limited,543263,SMCGLOBAL,Financial Services,Financial Services
542012,A-1 LIMITED,542012,,Commodities,Chemicals
532775,GTL Infrastructure Limited,532775,GTLINFRA,Telecommunication,Telecommunication
533303,BF Investment Limited,533303,BFINVEST,Financial Services,Financial Services
517035,RIR POWER ELECTRONICS LIMITED,517035,RIR,Industrials,Capital Goods
540718,AAYUSH ART AND BULLION LIMITED,540718,,Consumer Discretionary,Textiles
511034,Jindal Drilling & Industries Ltd.,511034,JINDRILL,Energy,"Oil, Gas & Consumable Fuels"
517015,Vindhya Telelinks Ltd.,517015,VINDHYATEL,Industrials,Construction
530927,Haryana Financial Corporation ltd.,530927,,Financial Services,Financial Services
543766,Ashika Credit Capital Ltd.,543766,ASHIKAG,Financial Services,Financial Services
544037,Amic Forging Limited,544037,,Industrials,Capital Goods
531761,APOLLO PIPES LIMITED,531761,APOLLOPIPE,Industrials,Capital Goods
533146,D-Link (India) Ltd,533146,DLINKINDIA,Information Technology,Information Technology
544133,EXICOM TELE-SYSTEMS LIMITED,544133,EXICOM,Industrials,Capital Goods
533138,ASTEC LIFESCIENCES LIMITED,533138,ASTEC,Commodities,Chemicals
532945,SEPC LIMITED,532945,SEPC,Industrials,Construction
543525,Silver Touch Technologies Limited,543525,SILVERTUC,Information Technology,Information Technology
539332,Navkar Corporation Limited,539332,NAVKARCORP,Services,Services
509820,HUHTAMAKI INDIA LIMITED,509820,HUHTAMAKI,Industrials,Capital Goods
505412,Wendt (India) Ltd.,505412,WENDT,Industrials,Capital Goods
543331,Meghmani Organics Limited,543331,MOL,Commodities,Chemicals
532705,Jagran Prakashan Limited,532705,JAGRAN,Consumer Discretionary,"Media, Entertainment & Publication"
526506,Systematix Corporate Services Ltd.,526506,SYSTMTXC,Financial Services,Financial Services
506109,Genesys International Corporation Ltd.,506109,GENESYS,Information Technology,Information Technology
544459,SHANTI GOLD INTERNATIONAL LIMITED,544459,SHANTIGOLD,Consumer Discretionary,Consumer Durables
504000,Elpro International Ltd.,504000,ELPROINTL,Consumer Discretionary,Realty
507912,GYFTR LIMITED,507912,GYFTR,Financial Services,Financial Services
544235,Orient Technologies Limited,544235,ORIENTTECH,Information Technology,Information Technology
508929,AVISHKAR INFRA REALTY LIMITED,508929,,Consumer Discretionary,Realty
540642,Salasar Techno Engineering Limited,540642,SALASAR,Industrials,Capital Goods
543279,Suryoday Small Finance Bank Limited,543279,SURYODAY,Financial Services,Financial Services
544293,SURAKSHA DIAGNOSTIC LIMITED,544293,SURAKSHA,Healthcare,Healthcare
539636,Precision Camshafts Limited,539636,PRECAM,Consumer Discretionary,Automobile and Auto Components
544279,Godavari Biorefineries Limited,544279,GODAVARIB,Fast Moving Consumer Goods,Fast Moving Consumer Goods
544748,ONE POINT ONE SOLUTIONS LIMITED,544748,ONEPOINT,Services,Services
544053,Motisons Jewellers Limited,544053,MOTISONS,Consumer Discretionary,Consumer Durables
544138,J.G.Chemicals Limited,544138,JGCHEM,Commodities,Chemicals
506480,GOCL Corporation Limited,506480,GOCLCORP,Commodities,Chemicals
532366,PNB Gilts Ltd,532366,PNBGILTS,Financial Services,Financial Services
506618,Punjab Chemicals and Crop Protection Ltd.,506618,PUNJABCHEM,Commodities,Chemicals
544167,JNK India Limited,544167,JNKINDIA,Industrials,Capital Goods
542725,SBC EXPORTS LIMITED,542725,SBC,Consumer Discretionary,Textiles
544743,Amir Chand Jagdish Kumar (Exports) Limited,544743,AEROPLANE,Fast Moving Consumer Goods,Fast Moving Consumer Goods
544523,IVALUE INFOSOLUTIONS LIMITED,544523,IVALUE,Information Technology,Information Technology
533137,DEN Networks Limited,533137,DEN,Consumer Discretionary,"Media, Entertainment & Publication"
507878,Unitech Ltd.,507878,UNITECH,Consumer Discretionary,Realty
533121,EXPLEO SOLUTIONS LIMITED,533121,EXPLEOSOL,Information Technology,Information Technology
532749,Allcargo Logistics Ltd,532749,ALLCARGO,Services,Services
544448,Pashupati Cotspin Limited,544448,PASHUPATI,Consumer Discretionary,Textiles
505526,DOLAT ALGOTECH LIMITED,505526,DOLATALGO,Financial Services,Financial Services
533761,GPT Infraprojects limited,533761,GPTINFRA,Industrials,Construction
543254,Antony Waste Handling Cell Limited,543254,AWHCL,Utilities,Utilities
520073,RACL Geartech Limited,520073,RACLGEAR,Consumer Discretionary,Automobile and Auto Components
543419,Shriram Properties Limited,543419,SHRIRAMPPS,Consumer Discretionary,Realty
544029,Gandhar Oil Refinery (India) Limited,544029,GANDHAR,Energy,"Oil, Gas & Consumable Fuels"
507747,TTK Healthcare Ltd.,507747,TTKHLTCARE,Diversified,Diversified
532880,OMAXE LIMITED,532880,OMAXE,Consumer Discretionary,Realty
500402,SPML Infra Limited,500402,SPMLINFRA,Industrials,Construction
532624,Jindal Photo Limited,532624,JINDALPHOT,Financial Services,Financial Services
513554,Mahamaya Steel Industries Limited,513554,MAHASTEEL,Industrials,Capital Goods
543929,HMA Agro Industries Limited,543929,HMAAGRO,Fast Moving Consumer Goods,Fast Moving Consumer Goods
540774,IFGL Refractories Limited,540774,IFGLEXPOR,Industrials,Capital Goods
544020,ESAF Small Finance Bank Ltd,544020,ESAFSFB,Financial Services,Financial Services
539221,Sportking India Ltd.,539221,SPORTKING,Consumer Discretionary,Textiles
544310,Yash Highvoltage Limited,544310,,Industrials,Capital Goods
539289, Aurum PropTech Limited,539289,AURUM,Information Technology,Information Technology
530475,Tinna Rubber and Infrastructure Limited,530475,TINNARUBR,Industrials,Capital Goods
539046,Manaksia Coated Metals & Industries Ltd,539046,MANAKCOAT,Industrials,Capital Goods
502330,ANDHRA PAPER LIMITED,502330,ANDHRAPAP,Commodities,Forest Materials
524520,KMC Speciality Hospitals India Limited,524520,,Healthcare,Healthcare
514043,Himatsingka Seide Ltd.,514043,HIMATSEIDE,Consumer Discretionary,Textiles
524669,Hester Biosciences Ltd,524669,HESTERBIO,Healthcare,Healthcare
532684,Everest Kanto Cylinders Ltd.,532684,EKC,Industrials,Capital Goods
513250,Jyoti Structures Ltd.,513250,JYOTISTRUC,Industrials,Capital Goods
544316,DAM Capital Advisors Limited,544316,DAMCAPITAL,Financial Services,Financial Services
533263,Orient Green Power Company Limited,533263,GREENPOWER,Utilities,Power
524470,Syncom Formulations (India) Ltd.,524470,SYNCOMF,Healthcare,Healthcare
544134,Platinum Industries Limited,544134,PLATIND,Commodities,Chemicals
530307,Chaman Lal Setia Exports Ltd.,530307,CLSEL,Fast Moving Consumer Goods,Fast Moving Consumer Goods
530355,ASIAN ENERGY SERVICES LTD,530355,ASIANENE,Energy,"Oil, Gas & Consumable Fuels"
538836,Monte Carlo Fashions Limited,538836,MONTECARLO,Consumer Discretionary,Textiles
532742,PAUSHAK LIMITED (formerly known as Darshak Limited),532742,PAUSHAKLTD,Commodities,Chemicals
539309,Rama Steel Tubes Limited,539309,RAMASTEEL,Industrials,Capital Goods
521238,BHARAT GLOBAL DEVELOPERS LIMITED,521238,,Information Technology,Information Technology
512020,Saraswati Commercial (India) Ltd.,512020,ZSARACOM,Financial Services,Financial Services
539997,Kwality Pharmaceuticals Limited,539997,KPL,Healthcare,Healthcare
526829,Confidence Petroleum India Limited,526829,CONFIPET,Energy,"Oil, Gas & Consumable Fuels"
507789,Jagsonpal Pharmaceuticals Limited,507789,JAGSNPHARM,Healthcare,Healthcare
506194,Arihant Superstructures Limited,506194,ARIHANTSUP,Consumer Discretionary,Realty
532633,Alldigi Tech Limited,532633,ALLDIGI,Services,Services
539607,Blue Cloud Softech Solutions Limited,539607,,Information Technology,Information Technology
522073,The Hi-Tech Gears Limited,522073,HITECHGEAR,Consumer Discretionary,Automobile and Auto Components
531147,Alicon Castalloy Limited,531147,ALICON,Consumer Discretionary,Automobile and Auto Components
544339,Laxmi Dental Limited,544339,LAXMIDENTL,Healthcare,Healthcare
538668,Meghna Infracon Infrastructure Limited,538668,,Consumer Discretionary,Realty
501150,Centrum Capital Limited,501150,CENTRUM,Financial Services,Financial Services
532923,RENAISSANCE GLOBAL LIMITED,532923,RGL,Consumer Discretionary,Consumer Durables
505400,Texmaco Infrastructure & Holdings Ltd,505400,TEXINFRA,Services,Services
543920,CFF FLUID CONTROL LIMITED,543920,,Industrials,Capital Goods
531795,Atul Auto Limited,531795,ATULAUTO,Industrials,Capital Goods
517380,Igarashi Motors India Ltd.,517380,IGARASHI,Consumer Discretionary,Automobile and Auto Components
509438,Benares Hotels Ltd,509438,,Consumer Discretionary,Consumer Services
539151,Arfin India Limited,539151,ARFIN,Commodities,Metals & Mining
543923,IKIO Technologies Limited,543923,IKIO,Consumer Discretionary,Consumer Durables
506685,Ultramarine & Pigments Ltd.,506685,ULTRAMAR,Commodities,Chemicals
539799,Bharat Wire Ropes Limited,539799,BHARATWIRE,Industrials,Capital Goods
530699,Raj Rayon Industries Limited,530699,RAJRILTD,Consumer Discretionary,Textiles
513536,Gujarat Natural Resources Limited,513536,GNRL,Energy,"Oil, Gas & Consumable Fuels"
530879,CAPITAL INDIA FINANCE LIMITED,530879,CIFL,Financial Services,Financial Services
544227,UNICOMMERCE ESOLUTIONS LIMITED,544227,UNIECOM,Information Technology,Information Technology
533552,RUPA & COMPANY LIMITED,533552,RUPA,Consumer Discretionary,Textiles
544117,Signpost India Limited,544117,SIGNPOST,Consumer Discretionary,"Media, Entertainment & Publication"
532382,Balaji Telefilms Ltd.,532382,BALAJITELE,Consumer Discretionary,"Media, Entertainment & Publication"
544336,Quadrant Future Tek Limited,544336,QUADFUTURE,Industrials,Capital Goods
532365,Dynacons Systems & Solutions Ltd.,532365,DSSL,Information Technology,Information Technology
544253,Kross Limited,544253,KROSS,Consumer Discretionary,Automobile and Auto Components
514448,Jyoti Resins & Adhesives Ltd,514448,,Commodities,Chemicals
508954,Finkurve Financial Services Limited,508954,FINKURVE,Financial Services,Financial Services
523105,CROPSTER AGRO LIMITED,523105,,Industrials,Capital Goods
544718,PNGS Reva Diamond Jewellery Limited,544718,PNGSREVA,Consumer Discretionary,Consumer Durables
530929,RRP DEFENSE LIMITED,530929,,Services,Services
532067,3B BlackBio Dx Limited,532067,3BBLACKBIO,Healthcare,Healthcare
543597,Virtuoso Optoelectronics Limited,543597,VOEPL,Consumer Discretionary,Consumer Durables
509675,BIRLANU LIMITED,509675,BIRLANU,Commodities,Construction Materials
511768,Master Trust Ltd.,511768,MASTERTR,Financial Services,Financial Services
522257,Rajoo Engineers Ltd.,522257,RAJOOENG,Industrials,Capital Goods
539678,Quick Heal Technologies Limited,539678,QUICKHEAL,Information Technology,Information Technology
544120,Capital Small Finance Bank Ltd,544120,CAPITALSFB,Financial Services,Financial Services
500650,Excell Industries Ltd.,500650,EXCELINDUS,Commodities,Chemicals
539872,Bajaj Healthcare Limited,539872,BAJAJHCARE,Healthcare,Healthcare
544281,A B INFRABUILD LIMITED,544281,ABINFRA,Industrials,Construction
500199,IG Petrochemicals Ltd,500199,IGPL,Commodities,Chemicals
507410,Walchandnagar Industries Ltd,507410,WALCHANNAG,Industrials,Capital Goods
502180,Shree Digvijay Cement Co. Ltd.,502180,SHREDIGCEM,Commodities,Construction Materials
512267,Media Matrix Worldwide Ltd.,512267,MMWL,Consumer Discretionary,"Media, Entertainment & Publication"
523445,Reliance Industrial Infrastructure,523445,RIIL,Services,Services
532341,IZMO Limited,532341,IZMO,Information Technology,Information Technology
544633,VIDYA WIRES LIMITED,544633,VIDYAWIRES,Industrials,Capital Goods
517421,Butterfly Gandhimathi Appliances Limited,517421,BUTTERFLY,Consumer Discretionary,Consumer Durables
513119,ONIX SOLAR ENERGY LIMITED,513119,,Commodities,Metals & Mining
524717,Titan Bio-Tech Ltd.,524717,,Commodities,Chemicals
539334,Shree Pushkar Chemicals & Fertilisers Limited,539334,SHREEPUSHK,Commodities,Chemicals
517500,Roto Pumps Ltd.,517500,ROTO,Industrials,Capital Goods
544054,Suraj Estate Developers Limited,544054,SURAJEST,Consumer Discretionary,Realty
532719,B L Kashyap and Sons Ltd,532719,BLKASHYAP,Industrials,Construction
517059,Salzer Electronics Ltd.,517059,SALZERELEC,Industrials,Capital Goods
544258,Western Carriers (India) Limited,544258,WCIL,Services,Services
543399,Tarsons Products Limited,543399,TARSONS,Healthcare,Healthcare
536773,JINDAL POLY INVESTMENT AND FINANCE COMPANY LIMITED,536773,JPOLYINVST,Financial Services,Financial Services
500207,Indo Rama Synthetics (India) Ltd.,500207,INDORAMA,Consumer Discretionary,Textiles
524774,NGL Fine Chem Ltd.,524774,NGLFINE,Healthcare,Healthcare
540776,5paisa Capital Limited,540776,5PAISA,Financial Services,Financial Services
543996,Updater Services Limited,543996,UDS,Services,Services
539469,PANORAMA STUDIOS INTERNATIONAL LIMITED ,539469,,Consumer Discretionary,"Media, Entertainment & Publication"
506166,Apis India Ltd,506166,,Fast Moving Consumer Goods,Fast Moving Consumer Goods
544158,SRM CONTRACTORS LIMITED,544158,SRM,Industrials,Construction
543517,Hariom Pipe Industries Limited,543517,HARIOMPIPE,Industrials,Capital Goods
530555,Paramount Communications Ltd.,530555,PARACABLES,Industrials,Capital Goods
530079,Faze Three Ltd.,530079,FAZE3Q,Consumer Discretionary,Textiles
544534,Jaro Institute of Technology Management and Research Limited,544534,JARO,Consumer Discretionary,Consumer Services
544131,GPT Healthcare Limited,544131,GPTHEALTH,Healthcare,Healthcare
500439,Vardhman Holdings Limited,500439,VHL,Financial Services,Financial Services
544264,Diffusion Engineers Limited,544264,DIFFNKG,Industrials,Capital Goods
500304,NIIT Ltd.,500304,NIITLTD,Consumer Discretionary,Consumer Services
523229,Bharat Seats Ltd,523229,BHARATSE,Consumer Discretionary,Automobile and Auto Components
534742,ZUARI AGRO CHEMICALS LIMITED,534742,ZUARI,Commodities,Chemicals
538119,R&B Denims Limited,538119,RNBDENIMS,Consumer Discretionary,Textiles
531633,Lincoln Pharmaceuticals ltd.,531633,LINCOLN,Healthcare,Healthcare
517172,Pervasive Commodities Limited,517172,,Services,Services
544446,Advent Hotels International Limited,544446,ADVENTHTL,Consumer Discretionary,Consumer Services
544239,ECOS (India) Mobility & Hospitality Limited,544239,ECOSMOBLTY,Services,Services
507753,TGV SRAAC LIMITED,507753,,Commodities,Chemicals
531381,Arihant Foundations & Housing Ltd.,531381,ARIHANT,Consumer Discretionary,Realty
526173,Andrew Yule & Company Ltd,526173,ANDREWYU,Fast Moving Consumer Goods,Fast Moving Consumer Goods
522295,Control Print (India) Ltd.,522295,CONTROLPR,Information Technology,Information Technology
522108,Yuken India Ltd.,522108,YUKEN,Industrials,Capital Goods
544395,STL Networks Limited,544395,STLNETWORK,Telecommunication,Telecommunication
507438,IFB Agro Industries Ltd,507438,IFBAGRO,Fast Moving Consumer Goods,Fast Moving Consumer Goods
534748,Steel Exchange India Ltd.,534748,STEELXIND,Industrials,Capital Goods
505036,Automobile Corpn. of Goa Ltd.,505036,,Consumer Discretionary,Automobile and Auto Components
540692,Apex Frozen Foods Limited,540692,APEX,Fast Moving Consumer Goods,Fast Moving Consumer Goods
544202,STANLEY LIFESTYLES LIMITED,544202,STANLEY,Consumer Discretionary,Consumer Durables
544004,IRM ENERGY LIMITED,544004,IRMENERGY,Energy,"Oil, Gas & Consumable Fuels"
534369,Tribhovandas Bhimji Zaveri Limited,534369,TBZ,Consumer Discretionary,Consumer Durables
508933,AYM Syntex Limited,508933,AYMSYNTEX,Consumer Discretionary,Textiles
526666,Bhartiya International Ltd.,526666,BIL,Consumer Discretionary,Consumer Durables
526953,Venus Remedies Ltd.,526953,VENUSREM,Healthcare,Healthcare
533285,RDB INFRASTRUCTURE AND POWER LIMITED,533285,,Consumer Discretionary,Realty
540704,Matrimony.com Limited,540704,MATRIMONY,Consumer Discretionary,Consumer Services
515008,Modern Insulators Ltd.,515008,,Industrials,Capital Goods
544184,Borosil Scientific Limited,544184,BOROSCI,Industrials,Capital Goods
532699,Royal Orchid Hotels Ltd,532699,ROHLTD,Consumer Discretionary,Consumer Services
500264,Mafatlal Industries Ltd.,500264,MAFATIND,Consumer Discretionary,Textiles
531847,Asian Star Co. Ltd.,531847,ASTAR,Consumer Discretionary,Consumer Durables
543712,ABANS FINANCIAL SERVICES LIMITED,543712,AFSL,Financial Services,Financial Services
511413,CREST VENTURES LIMITED,511413,CREST,Financial Services,Financial Services
544731,RAJPUTANA STAINLESS LIMITED,544731,RSL,Industrials,Capital Goods
543389,Sigachi Industries Limited,543389,SIGACHI,Healthcare,Healthcare
526775,Valiant Communications Ltd.,526775,,Telecommunication,Telecommunication
502137,Deccan Cements Ltd.,502137,DECCANCE,Commodities,Construction Materials
523475,Lotus Chocolate Co. Ltd.,523475,,Fast Moving Consumer Goods,Fast Moving Consumer Goods
544536,Wealth First Portfolio Managers Limited,544536,WEALTH,Financial Services,Financial Services
543709,PNGS GARGI FASHION JEWELLERY LIMITED,543709,,Consumer Discretionary,Consumer Durables
526608,Electrotherm (India) Ltd,526608,ELECTHERM,Industrials,Capital Goods
512233,Jaybharat Textiles And Real Estate Limited,512233,,Consumer Discretionary,Textiles
